Workbook

Sheet REMOTAS
C1: Milhão Ingredients Unidade - Rio Verde
C2: ATUALIZAÇÃO 18/03/2025
G3: RESPONSAVEL TÉCNICO- Tallison Barros;
C4: DEVICES
C6: CPU CONTROLOGIX 1756-L73
C8: 1756-EN2TR ETH01 192.100.3.1
C10: =#REF! -> #REF!
C11: =#REF! -> #REF!
C12: =#REF! -> #REF!
C13: =#REF! -> #REF!
C14: =#REF! -> #REF!
C15: =#REF! -> #REF!
C17: =#REF! -> #REF!
C18: =#REF! -> #REF!
C19: =#REF! -> #REF!
C20: =#REF! -> #REF!
C21: =#REF! -> #REF!
C22: =#REF! -> #REF!
... C29: =#REF! -> #REF!
C31: =RemCCM3!C6 -> 1734-AENTR/c RemCCM3 192.100.3.50
C32: =RemCCM3!C7 -> SLOT 01 1734-IB8/C - 08 DI
C33: =RemCCM3!C17 -> SLOT 02 1734-IB8/C - 08 DI
C34: =RemCCM3!C27 -> SLOT 03 1734-IB8/C - 08 DI
C35: =RemCCM3!C37 -> SLOT 04 1734-OB8/C - 08 DO
C36: =RemCCM3!C47 -> SLOT 05 1734-OB8/C - 08 DO
C37: =RemCCM3!C57 -> SLOT 06 1734-OB8/C - 08 DO
C38: =RemCCM3!C67 -> SLOT 07 1734-IB8/C - 08 DI
C39: =RemCCM3!C77 -> SLOT 08 1734-OB8/C - 08 DO
C40: =RemCCM3!C87 -> SLOT 09 1734-OB8/C - 08 DO
C42: =#REF! -> #REF!
C43: =#REF! -> #REF!
C44: =#REF! -> #REF!
C45: =#REF! -> #REF!
C46: =#REF! -> #REF!
C47: =#REF! -> #REF!
C48: =#REF! -> #REF!
C49: =#REF! -> #REF!
C50: =#REF! -> #REF!
C51: =#REF! -> #REF!
C52: =#REF! -> #REF!
C53: =#REF! -> #REF!
... C64: =#REF! -> #REF!
C66: MILHÃO-SLAVE -CPU Compact Logix 3 *1769-L36ERM/A* 192.100.3.167
C67: SLOT 01 1769-IQ32 DI
C68: SLOT 01 1769-IQ32 DI
C69: SLOT 01 1769-OB32 DO
C71: =#REF! -> #REF!
C72: =#REF! -> #REF!
C73: =#REF! -> #REF!
C74: =#REF! -> #REF!
C75: =#REF! -> #REF!
C76: =#REF! -> #REF!
C77: =#REF! -> #REF!
C78: =#REF! -> #REF!
C79: =#REF! -> #REF!
C80: =#REF! -> #REF!
C81: =#REF! -> #REF!
C82: =#REF! -> #REF!
... C356: =#REF! -> #REF!
C358: ='Rem7'!C6 -> 1734-AENTR/c REM-7 192.100.3.166 7º PISO ENSAQUE
C359: ='Rem7'!C7 -> SLOT 01 1734-IB8/C - 08 DI
C360: ='Rem7'!C17 -> SLOT 02 1734-IB8/C - 08 DI
C361: ='Rem7'!C27 -> SLOT 03 1734-IB8/C - 08 DI
C362: ='Rem7'!C37 -> SLOT 04 1734-IB8/C - 08 DI
C363: ='Rem7'!C47 -> SLOT 05 1734-IB8/C - 08 DI
C364: ='Rem7'!C57 -> SLOT 06 1734-IB8/C - 08 DI
C365: ='Rem7'!C67 -> SLOT 07 1734-IB8/C - 08 DI
C366: ='Rem7'!C77 -> SLOT 08 1734-IB8/C - 08 DI
C367: ='Rem7'!C87 -> SLOT 09 1734-IB8/C - 08 DI
C368: ='Rem7'!C97 -> SLOT 10 1734-IB8/C - 08 DI
C369: ='Rem7'!C107 -> SLOT 11 1734-IB8/C - 08 DI
C370: ='Rem7'!C117 -> SLOT 12 1734-OB8/C - 08 DO
C371: ='Rem7'!C127 -> SLOT 13 1734-OB8/C - 08 DO
C372: ='Rem7'!C137 -> SLOT 14 1734-OB8/C - 08 DO
C373: ='Rem7'!C147 -> SLOT 15 1734-OB8/C - 08 DO
C374: ='Rem7'!C157 -> SLOT 16 1734-OB8/C - 08 DO
C375: ='Rem7'!C167 -> SLOT 17 1734-IE8C/C - 08 AI
C377: ESTEL01 192.100.3.129
C379: LIMRO09 192.100.3.215
C381: LIMRO10 192.100.3.216
C383: DEGDA02 192.100.3.131
C385: DEGDA03 192.100.3.132
C387: DEGDA04 192.100.3.133
C389: DEGCN05 192.100.3.101
C391: DEGCN06 192.100.3.102
C393: DEGCN07 192.100.3.103
C395: DEGCN08 192.100.3.104
C397: DEGCN09 192.100.3.105
C399: DEGCN10 192.100.3.106
... C548: 1756-EN2TR ETH02 192.100.4.1

Sheet RemCCM3
C1: Milhão Ingredients Unidade - Rio Verde
C2: CPU CONTROLOGIX 1756-L73 192.100.3.1
C3: LISTA DE IO
G4: RESPONSAVEL TÉCNICO- Tallison Barros;
C6: 1734-AENTR/c RemCCM3 192.100.3.50
C7: SLOT 01 1734-IB8/C - 08 DI
C8: IO | D8: Local | E8: Min | F8: Max | G8: TAG 's | H8: DESCRIÇÃO
C9: DI.0 | E9: 0 | F9: 1
C10: DI.1 | E10: 0 | F10: 1
C11: DI.2 | E11: 0 | F11: 1
C12: DI.3 | E12: 0 | F12: 1
C13: DI.4 | E13: 0 | F13: 1
C14: DI.5 | E14: 0 | F14: 1
C15: DI.6 | E15: 0 | F15: 1 | G15: LIMVR06.FB
C16: DI.7 | E16: 0 | F16: 1
C17: SLOT 02 1734-IB8/C - 08 DI
C18: IO | D18: Local | E18: Min | F18: Max | G18: TAG 's | H18: DESCRIÇÃO
C19: DI.0 | E19: 0 | F19: 1
C20: DI.1 | E20: 0 | F20: 1
C21: DI.2 | E21: 0 | F21: 1
C22: DI.3 | E22: 0 | F22: 1
C23: DI.4 | E23: 0 | F23: 1
C24: DI.5 | E24: 0 | F24: 1
C25: DI.6 | E25: 0 | F25: 1
C26: DI.7 | E26: 0 | F26: 1
C27: SLOT 03 1734-IB8/C - 08 DI
C28: IO | D28: Local | E28: Min | F28: Max | G28: TAG 's | H28: DESCRIÇÃO
C29: DI.0 | E29: 0 | F29: 1
C30: DI.1 | E30: 0 | F30: 1
C31: DI.2 | E31: 0 | F31: 1
C32: DI.3 | E32: 0 | F32: 1
C33: DI.4 | E33: 0 | F33: 1
C34: DI.5 | E34: 0 | F34: 1 | G34: LIMVT06.FB
C35: DI.6 | E35: 0 | F35: 1
C36: DI.7 | E36: 0 | F36: 1
C37: SLOT 04 1734-OB8/C - 08 DO
C38: IO | D38: Local | E38: Min | F38: Max | G38: TAG 's | H38: DESCRIÇÃO
C39: DO.0 | E39: 0 | F39: 1
C40: DO.1 | E40: 0 | F40: 1
C41: DO.2 | E41: 0 | F41: 1
C42: DO.3 | E42: 0 | F42: 1
C43: DO.4 | E43: 0 | F43: 1
C44: DO.5 | E44: 0 | F44: 1
C45: DO.6 | E45: 0 | F45: 1 | G45: LIMVR06.SAIDA
C46: DO.7 | E46: 0 | F46: 1
C47: SLOT 05 1734-OB8/C - 08 DO
C48: IO | D48: Local | E48: Min | F48: Max | G48: TAG 's | H48: DESCRIÇÃO
C49: DO.0 | E49: 0 | F49: 1
C50: DO.1 | E50: 0 | F50: 1
C51: DO.2 | E51: 0 | F51: 1
C52: DO.3 | E52: 0 | F52: 1
C53: DO.4 | E53: 0 | F53: 1
C54: DO.5 | E54: 0 | F54: 1
C55: DO.6 | E55: 0 | F55: 1
C56: DO.7 | E56: 0 | F56: 1
C57: SLOT 06 1734-OB8/C - 08 DO
C58: IO | D58: Local | E58: Min | F58: Max | G58: TAG 's | H58: DESCRIÇÃO
C59: DO.0 | E59: 0 | F59: 1
C60: DO.1 | E60: 0 | F60: 1
C61: DO.2 | E61: 0 | F61: 1
C62: DO.3 | E62: 0 | F62: 1
C63: DO.4 | E63: 0 | F63: 1 | G63: LIMVT06.SAIDA
C64: DO.5 | E64: 0 | F64: 1
C65: DO.6 | E65: 0 | F65: 1
C66: DO.7 | E66: 0 | F66: 1
C67: SLOT 07 1734-IB8/C - 08 DI
C68: IO | D68: Local | E68: Min | F68: Max | G68: TAG 's | H68: DESCRIÇÃO
C69: DI.0 | E69: 0 | F69: 1
C70: DI.1 | E70: 0 | F70: 1
C71: DI.2 | E71: 0 | F71: 1
C72: DI.3 | E72: 0 | F72: 1
C73: DI.4 | E73: 0 | F73: 1
C74: DI.5 | E74: 0 | F74: 1
C75: DI.6 | E75: 0 | F75: 1 | G75: MOAMM011.FB
C76: DI.7 | E76: 0 | F76: 1
C77: SLOT 08 1734-OB8/C - 08 DO
C78: IO | D78: Local | E78: Min | F78: Max | G78: TAG 's | H78: DESCRIÇÃO
C79: DO.0 | E79: 0 | F79: 1
C80: DO.1 | E80: 0 | F80: 1
C81: DO.2 | E81: 0 | F81: 1
C82: DO.3 | E82: 0 | F82: 1
C83: DO.4 | E83: 0 | F83: 1
C84: DO.5 | E84: 0 | F84: 1
C85: DO.6 | E85: 0 | F85: 1
C86: DO.7 | E86: 0 | F86: 1
C87: SLOT 09 1734-OB8/C - 08 DO
C88: IO | D88: Local | E88: Min | F88: Max | G88: TAG 's | H88: DESCRIÇÃO
C89: DO.0 | E89: 0 | F89: 1
C90: DO.1 | E90: 0 | F90: 1
C91: DO.2 | E91: 0 | F91: 1
C92: DO.3 | E92: 0 | F92: 1
C93: DO.4 | E93: 0 | F93: 1
C94: DO.5 | E94: 0 | F94: 1 | G94: MOAMM011.SAIDA
C95: DO.6 | E95: 0 | F95: 1
C96: DO.7 | E96: 0 | F96: 1

Sheet Rem7
C1: Milhão Ingredients Unidade - Rio Verde
C2: CPU CONTROLOGIX 1756-L73 192.100.3.1
C3: LISTA DE IO
G4: RESPONSAVEL TÉCNICO- Tallison Barros;
C6: 1734-AENTR/c REM-7 192.100.3.166 7º PISO ENSAQUE
C7: SLOT 01 1734-IB8/C - 08 DI
C8: IO | D8: Local | E8: Min | F8: Max | G8: TAG 's | H8: DESCRIÇÃO
C9: DI.0 | E9: 0 | F9: 1
C10: DI.1 | E10: 0 | F10: 1
C11: DI.2 | E11: 0 | F11: 1
C12: DI.3 | E12: 0 | F12: 1
C13: DI.4 | E13: 0 | F13: 1
C14: DI.5 | E14: 0 | F14: 1
C15: DI.6 | E15: 0 | F15: 1
C16: DI.7 | E16: 0 | F16: 1
C17: SLOT 02 1734-IB8/C - 08 DI
C18: IO | D18: Local | E18: Min | F18: Max | G18: TAG 's | H18: DESCRIÇÃO
C19: DI.0 | E19: 0 | F19: 1
C20: DI.1 | E20: 0 | F20: 1
C21: DI.2 | E21: 0 | F21: 1
C22: DI.3 | E22: 0 | F22: 1
C23: DI.4 | E23: 0 | F23: 1
C24: DI.5 | E24: 0 | F24: 1
C25: DI.6 | E25: 0 | F25: 1
C26: DI.7 | E26: 0 | F26: 1
C27: SLOT 03 1734-IB8/C - 08 DI
C28: IO | D28: Local | E28: Min | F28: Max | G28: TAG 's | H28: DESCRIÇÃO
C29: DI.0 | E29: 0 | F29: 1
C30: DI.1 | E30: 0 | F30: 1
C31: DI.2 | E31: 0 | F31: 1
C32: DI.3 | E32: 0 | F32: 1
C33: DI.4 | E33: 0 | F33: 1
C34: DI.5 | E34: 0 | F34: 1
C35: DI.6 | E35: 0 | F35: 1
C36: DI.7 | E36: 0 | F36: 1
C37: SLOT 04 1734-IB8/C - 08 DI
C38: IO | D38: Local | E38: Min | F38: Max | G38: TAG 's | H38: DESCRIÇÃO
C39: DI.0 | E39: 0 | F39: 1
C40: DI.1 | E40: 0 | F40: 1
C41: DI.2 | E41: 0 | F41: 1
C42: DI.3 | E42: 0 | F42: 1
C43: DI.4 | E43: 0 | F43: 1
C44: DI.5 | E44: 0 | F44: 1
C45: DI.6 | E45: 0 | F45: 1
C46: DI.7 | E46: 0 | F46: 1
C47: SLOT 05 1734-IB8/C - 08 DI
C48: IO | D48: Local | E48: Min | F48: Max | G48: TAG 's | H48: DESCRIÇÃO
C49: DI.0 | E49: 0 | F49: 1
C50: DI.1 | E50: 0 | F50: 1
C51: DI.2 | E51: 0 | F51: 1
C52: DI.3 | E52: 0 | F52: 1
C53: DI.4 | E53: 0 | F53: 1
C54: DI.5 | E54: 0 | F54: 1
C55: DI.6 | E55: 0 | F55: 1
C56: DI.7 | E56: 0 | F56: 1
C57: SLOT 06 1734-IB8/C - 08 DI
C58: IO | D58: Local | E58: Min | F58: Max | G58: TAG 's | H58: DESCRIÇÃO
C59: DI.0 | E59: 0 | F59: 1
C60: DI.1 | E60: 0 | F60: 1
C61: DI.2 | E61: 0 | F61: 1
C62: DI.3 | E62: 0 | F62: 1
C63: DI.4 | E63: 0 | F63: 1
C64: DI.5 | E64: 0 | F64: 1
C65: DI.6 | E65: 0 | F65: 1
C66: DI.7 | E66: 0 | F66: 1
C67: SLOT 07 1734-IB8/C - 08 DI
C68: IO | D68: Local | E68: Min | F68: Max | G68: TAG 's | H68: DESCRIÇÃO
C69: DI.0 | E69: 0 | F69: 1
C70: DI.1 | E70: 0 | F70: 1
C71: DI.2 | E71: 0 | F71: 1
C72: DI.3 | E72: 0 | F72: 1
C73: DI.4 | E73: 0 | F73: 1
C74: DI.5 | E74: 0 | F74: 1
C75: DI.6 | E75: 0 | F75: 1
C76: DI.7 | E76: 0 | F76: 1
C77: SLOT 08 1734-IB8/C - 08 DI
C78: IO | D78: Local | E78: Min | F78: Max | G78: TAG 's | H78: DESCRIÇÃO
C79: DI.0 | E79: 0 | F79: 1
C80: DI.1 | E80: 0 | F80: 1
C81: DI.2 | E81: 0 | F81: 1
C82: DI.3 | E82: 0 | F82: 1
C83: DI.4 | E83: 0 | F83: 1
C84: DI.5 | E84: 0 | F84: 1
C85: DI.6 | E85: 0 | F85: 1
C86: DI.7 | E86: 0 | F86: 1
C87: SLOT 09 1734-IB8/C - 08 DI
C88: IO | D88: Local | E88: Min | F88: Max | G88: TAG 's | H88: DESCRIÇÃO
C89: DI.0 | E89: 0 | F89: 1
C90: DI.1 | E90: 0 | F90: 1
C91: DI.2 | E91: 0 | F91: 1
C92: DI.3 | E92: 0 | F92: 1
C93: DI.4 | E93: 0 | F93: 1
C94: DI.5 | E94: 0 | F94: 1
C95: DI.6 | E95: 0 | F95: 1
C96: DI.7 | E96: 0 | F96: 1
C97: SLOT 10 1734-IB8/C - 08 DI
C98: IO | D98: Local | E98: Min | F98: Max | G98: TAG 's | H98: DESCRIÇÃO
C99: DI.0 | E99: 0 | F99: 1
C100: DI.1 | E100: 0 | F100: 1
C101: DI.2 | E101: 0 | F101: 1
...
