Workbook

Sheet DEVICES
C1: Milhão Ingredients Unidade - Rio Verde
G3: RESPONSAVEL TÉCNICO: Tallison Barros;
C4: DEVICES
C6: CPU CONTROLOGIX 1756-L73
C8: 1756-EN2TR ETH01 192.100.3.1
C10: =RemCCM1!C6 -> 1734-AENTR/c RemCCM1 192.100.3.2
C11: =RemCCM1!C7 -> SLOT 01 1734-IB8/C : 08 DI
C12: =RemCCM1!C17 -> SLOT 02 1734-OB8/C : 08 DO
C13: =RemCCM1!C27 -> SLOT 03 1734-IE8C/C : 08 AI
C14: =RemCCM1!C37 -> SLOT 04 1734-IE8C/C : 08 AI
C15: =RemCCM1!C47 -> SLOT 05 1734-IE8C/C : 08 AI
C17: =RemCCM2!C6 -> 1734-AENTR/c RemCCM2 192.100.3.31
C18: =RemCCM2!C7 -> SLOT 01 1734-IB8/C : 08 DI
C19: =RemCCM2!C17 -> SLOT 02 1734-IB8/C : 08 DI
C20: =RemCCM2!C27 -> SLOT 03 1734-IB8/C : 08 DI
C21: =RemCCM2!C37 -> SLOT 04 1734-IB8/C : 08 DI
C22: =RemCCM2!C47 -> SLOT 05 1734-IB8/C : 08 DI
C23: =RemCCM2!C57 -> SLOT 06 1734-OB8/C : 08 DO
C24: =RemCCM2!C67 -> SLOT 07 1734-OB8/C : 08 DO
C25: =RemCCM2!C77 -> SLOT 08 1734-OB8/C : 08 DO
C26: =RemCCM2!C87 -> SLOT 09 1734-OB8/C : 08 DO
C27: =RemCCM2!C97 -> SLOT 10 1734-OB8/C : 08 DO
C28: =RemCCM2!C107 -> SLOT 11 1734-IB8/C : 08 DI
C29: =RemCCM2!C117 -> SLOT 12 1734-OB8/C : 08 DO
C31: =RemCCM3!C6 -> 1734-AENTR/c RemCCM3 192.100.3.50
C32: =RemCCM3!C7 -> SLOT 01 1734-IB8/C : 08 DI
C33: =RemCCM3!C17 -> SLOT 02 1734-IB8/C : 08 DI
C34: =RemCCM3!C27 -> SLOT 03 1734-IB8/C : 08 DI
C35: =RemCCM3!C37 -> SLOT 04 1734-OB8/C : 08 DO
C36: =RemCCM3!C47 -> SLOT 05 1734-OB8/C : 08 DO
C37: =RemCCM3!C57 -> SLOT 06 1734-OB8/C : 08 DO
C38: =RemCCM3!C67 -> SLOT 07 1734-IB8/C : 08 DI
C39: =RemCCM3!C77 -> SLOT 08 1734-OB8/C : 08 DO
C40: =RemCCM3!C87 -> SLOT 09 1734-OB8/C : 08 DO
C42: =RemCCM4!C6 -> 1734-AENTR/c RemCCM4 192.100.3.86
C43: =RemCCM4!C7 -> SLOT 01 1734-IB8/C : 08 DI
C44: =RemCCM4!C17 -> SLOT 02 1734-IB8/C : 08 DI
C45: =RemCCM4!C27 -> SLOT 03 1734-IB8/C : 08 DI
C46: =RemCCM4!C37 -> SLOT 04 1734-IB8/C : 08 DI
C47: =RemCCM4!C47 -> SLOT 05 1734-IB8/C : 08 DI
C48: =RemCCM4!C57 -> SLOT 06 1734-IB8/C : 08 DI
C49: =RemCCM4!C67 -> SLOT 07 1734-IB8/C : 08 DI
C50: =RemCCM4!C77 -> SLOT 08 1734-IB8/C : 08 DI
C51: =RemCCM4!C87 -> SLOT 09 1734-IB8/C : 08 DI
C52: =RemCCM4!C97 -> SLOT 10 1734-OB8/C : 08 DO
C53: =RemCCM4!C107 -> SLOT 11 1734-OB8/C : 08 DO
C54: =RemCCM4!C117 -> SLOT 12 1734-OB8/C : 08 DO
C55: =RemCCM4!C127 -> SLOT 13 1734-OB8/C : 08 DO
C56: =RemCCM4!C137 -> SLOT 14 1734-OB8/C : 08 DO
C57: =RemCCM4!C147 -> SLOT 15 1734-OB8/C : 08 DO
C58: =RemCCM4!C157 -> SLOT 16 1734-OB8/C : 08 DO
C59: =RemCCM4!C167 -> SLOT 17 1734-OB8/C : 08 DO
C60: =RemCCM4!C177 -> SLOT 18 1734-OB8/C : 08 DO
C61: =RemCCM4!C187 -> SLOT 19 1734-IE8C/C : 08 AI
C62: =RemCCM4!C197 -> SLOT 20 1734-OB8/C : 08 DO
C63: =RemCCM4!C207 -> SLOT 21 172134-OB8/C : 08 DO
C64: =RemCCM4!C217 -> SLOT 22 1734-IB8/C : 08 DI
C66: =RemCCM5!C6 -> 1734-AENTR/c RemCCM5 192.100.3.200
C67: =RemCCM5!C7 -> SLOT 01 1734-IB8/C : 08 DI
C68: =RemCCM5!C17 -> SLOT 02 1734-IB8/C : 08 DI
C69: =RemCCM5!C27 -> SLOT 03 1734-IB8/C : 08 DI
C70: =RemCCM5!C37 -> SLOT 04 1734-IB8/C : 08 DI
C71: =RemCCM5!C47 -> SLOT 05 1734-IB8/C : 08 DI
C72: =RemCCM5!C57 -> SLOT 06 1734-IB8/C : 08 DI
C73: =RemCCM5!C67 -> SLOT 07 1734-IB8/C : 08 DI
C74: =RemCCM5!C77 -> SLOT 08 1734-IB8/C : 08 DI
C75: =RemCCM5!C87 -> SLOT 09 1734-IB8/C : 08 DI
C76: =RemCCM5!C97 -> SLOT 10 1734-OB8/C : 08 DO
C77: =RemCCM5!C107 -> SLOT 11 1734-OB8/C : 08 DO
C78: =RemCCM5!C117 -> SLOT 12 1734-OB8/C : 08 DO
C79: =RemCCM5!C127 -> SLOT 13 1734-OB8/C : 08 DO
C80: =RemCCM5!C137 -> SLOT 14 1734-OB8/C : 08 DO
C81: =RemCCM5!C147 -> SLOT 15 1734-OB8/C : 08 DO
C82: =RemCCM5!C157 -> SLOT 16 1734-OB8/C : 08 DO
C83: =RemCCM5!C167 -> SLOT 17 1734-OB8/C : 08 DO
C84: =RemCCM5!C177 -> SLOT 18 1734-OB8/C : 08 DO
C85: =RemCCM5!C187 -> SLOT 19 1734-IE8C/C : 08 AI
C87: =AENTR!C6 -> 1747-AENTR AENTR 192.100.3.119
C88: =AENTR!C7 -> SLOT 01 1746-IB32 : 32 DI
C89: =AENTR!C41 -> SLOT 02 1746-IB32 : 32 DI
C90: =AENTR!C75 -> SLOT 03 1746-IB32 : 32 DI
C91: =AENTR!C109 -> SLOT 04 1746-IB32 : 32 DI
C92: =AENTR!C143 -> SLOT 05 1746-OB32 : 32 DO
C93: =AENTR!C177 -> SLOT 06 1746-OB32 : 32 DO
C94: =AENTR!C211 -> SLOT 07 1746-OB32 : 32 DO
C95: =AENTR!C245 -> SLOT 08 1746-NI8 : 08 AI
C96: =AENTR!C255 -> SLOT 09 1746-NO4I : 04 AO
C97: =AENTR!C261 -> SLOT 10 1746-NO4I : 04 AO
C98: =AENTR!C267 -> SLOT 11 1746-NI8 : 08 AI
C99: =AENTR!C277 -> SLOT 12 1746-NO4I : 04 AO
C100: =AENTR!C283 -> SLOT 13 1746-NI8 : 08 AI
C101: =AENTR!C293 -> SLOT 14 1746-IB32 : 32 DI
C102: =AENTR!C327 -> SLOT 15 1746-IB32 : 32 DI
C103: =AENTR!C361 -> SLOT 16 1746-OB32 : 32 DO
C104: =AENTR!C395 -> SLOT 17 1746-OB32 : 32 DO
C105: =AENTR!C429 -> SLOT 18 1746-IB32 : 32 DI
C106: =AENTR!C463 -> SLOT 19 1746-IB32 : 32 DI
C107: =AENTR!C497 -> SLOT 20 1746-OB32 : 32 DO
C108: =AENTR!C531 -> SLOT 21 1746-NI8 : 08 AI
C109: =AENTR!C541 -> SLOT 22 1746-NI8 : 08 AI
...

Sheet RemCCM1
C1: Milhão Ingredients Unidade - Rio Verde
C2: CPU CONTROLOGIX 1756-L73 192.100.3.1
C3: LISTA DE IO
G4: RESPONSAVEL TÉCNICO: Tallison Barros;
C6: 1734-AENTR/c RemCCM1 192.100.3.2
C7: SLOT 01 1734-IB8/C : 08 DI
C8: IO | D8: Local | E8: Min | F8: Max | G8: TAG 's | H8: DESCRIÇÃO
C9: DI.0 | E9: 0 | F9: 1 | G9: M41BC4A.fb | H9: BANCO DE CILINDROS - Motoror Rolo de Moagem A
C10: DI.1 | E10: 0 | F10: 1 | G10: M41BC4B.fb | H10: BANCO DE CILINDROS - Motoror Rolo de Moagem B
C11: DI.2 | E11: 0 | F11: 1 | G11: M41BC5A.fb | H11: BANCO DE CILINDROS - Motoror Rolo de Moagem A
C12: DI.3 | E12: 0 | F12: 1 | G12: M41BC5B.fb | H12: BANCO DE CILINDROS - Motoror Rolo de Moagem B
C13: DI.4 | E13: 0 | F13: 1 | G13: M41BC10A.fb | H13: BANCO DE CILINDROS - Motoror Rolo de Moagem A
C14: DI.5 | E14: 0 | F14: 1 | G14: M41BC10B.fb | H14: BANCO DE CILINDROS - Motoror Rolo de Moagem B
C15: DI.6 | E15: 0 | F15: 1 | G15: EMERGENCIA_CCM1.ZsCampo | H15: EMERGENCIA_CCM1
C16: DI.7
C17: SLOT 02 1734-OB8/C : 08 DO
C18: IO | D18: Local | E18: Min | F18: Max | G18: TAG 's | H18: DESCRIÇÃO
C19: DO.0 | E19: 0 | F19: 1 | G19: M41BC4A.saida | H19: BANCO DE CILINDROS - Motoror Rolo de Moagem A
C20: DO.1 | E20: 0 | F20: 1 | G20: M41BC4B.saida | H20: BANCO DE CILINDROS - Motoror Rolo de Moagem B
C21: DO.2 | E21: 0 | F21: 1 | G21: M41BC5A.saida | H21: BANCO DE CILINDROS - Motoror Rolo de Moagem A
C22: DO.3 | E22: 0 | F22: 1 | G22: M41BC5B.saida | H22: BANCO DE CILINDROS - Motoror Rolo de Moagem B
C23: DO.4 | E23: 0 | F23: 1 | G23: M41BC10A.saida | H23: BANCO DE CILINDROS - Motoror Rolo de Moagem A
C24: DO.5 | E24: 0 | F24: 1 | G24: M41BC10B.saida | H24: BANCO DE CILINDROS - Motoror Rolo de Moagem B
C25: DO.6
C26: DO.7
C27: SLOT 03 1734-IE8C/C : 08 AI
C28: IO | D28: Local | E28: Min | F28: Max | G28: TAG 's | H28: DESCRIÇÃO
C29: AI.0 | E29: 0~0 | F29: 30840~100 | G29: TC41BC1A.Campo | H29: RETORNO DE CORRENTE DO MOTOR
C30: AI.1 | E30: 0~0 | F30: 30840~100 | G30: TC41BC1B.Campo | H30: RETORNO DE CORRENTE DO MOTOR
C31: AI.2 | E31: 0~0 | F31: 30840~100 | G31: TC41BC2A.Campo | H31: RETORNO DE CORRENTE DO MOTOR
C32: AI.3 | E32: 0~0 | F32: 30840~100 | G32: TC41BC2B.Campo | H32: RETORNO DE CORRENTE DO MOTOR
C33: AI.4 | E33: 0~0 | F33: 30840~100 | G33: TC41BC3A.Campo | H33: RETORNO DE CORRENTE DO MOTOR
C34: AI.5 | E34: 0~0 | F34: 30840~100 | G34: TC41BC3B.Campo | H34: RETORNO DE CORRENTE DO MOTOR
C35: AI.6 | E35: 0~0 | F35: 30840~100 | G35: TC41BC4A.Campo | H35: RETORNO DE CORRENTE DO MOTOR
C36: AI.7 | E36: 0~0 | F36: 30840~100 | G36: TC41BC4B.Campo | H36: RETORNO DE CORRENTE DO MOTOR
C37: SLOT 04 1734-IE8C/C : 08 AI
C38: IO | D38: Local | E38: Min | F38: Max | G38: TAG 's | H38: DESCRIÇÃO
C39: AI.0 | E39: 0~0 | F39: 30840~100 | G39: TC41BC5A.Campo | H39: RETORNO DE CORRENTE DO MOTOR
C40: AI.1 | E40: 0~0 | F40: 30840~100 | G40: TC41BC5B.Campo | H40: RETORNO DE CORRENTE DO MOTOR
C41: AI.2 | E41: 0~0 | F41: 30840~100 | G41: TC41BC6A.Campo | H41: RETORNO DE CORRENTE DO MOTOR
C42: AI.3 | E42: 0~0 | F42: 30840~100 | G42: TC41BC6B.Campo | H42: RETORNO DE CORRENTE DO MOTOR
C43: AI.4 | E43: 0~0 | F43: 30840~100 | G43: TC41BC7A.Campo | H43: RETORNO DE CORRENTE DO MOTOR
C44: AI.5 | E44: 0~0 | F44: 30840~100 | G44: TC41BC7B.Campo | H44: RETORNO DE CORRENTE DO MOTOR
C45: AI.6 | E45: 0~0 | F45: 30840~100 | G45: TC41BC8A.Campo | H45: RETORNO DE CORRENTE DO MOTOR
C46: AI.7 | E46: 0~0 | F46: 30840~100 | G46: TC41BC8B.Campo | H46: RETORNO DE CORRENTE DO MOTOR
C47: SLOT 05 1734-IE8C/C : 08 AI
C48: IO | D48: Local | E48: Min | F48: Max | G48: TAG 's | H48: DESCRIÇÃO
C49: AI.0 | E49: 0~0 | F49: 30840~100 | G49: TC41BC9A.Campo | H49: RETORNO DE CORRENTE DO MOTOR
C50: AI.1 | E50: 0~0 | F50: 30840~100 | G50: TC41BC9B.Campo | H50: RETORNO DE CORRENTE DO MOTOR
C51: AI.2 | E51: 0~0 | F51: 30840~100 | G51: TC41BC10A.Campo | H51: RETORNO DE CORRENTE DO MOTOR
C52: AI.3 | E52: 0~0 | F52: 30840~100 | G52: TC41BC10B.Campo | H52: RETORNO DE CORRENTE DO MOTOR
C53: AI.4 | E53: 0~0 | F53: 30840~100 | G53: TC41BC11A.Campo | H53: RETORNO DE CORRENTE DO MOTOR
C54: AI.5 | E54: 0~0 | F54: 30840~100 | G54: TC41BC11B.Campo | H54: RETORNO DE CORRENTE DO MOTOR
C55: AI.6
C56: AI.7

Sheet RemCCM2
C1: Milhão Ingredients Unidade - Rio Verde
C2: CPU CONTROLOGIX 1756-L73 192.100.3.1
C3: LISTA DE IO
G4: RESPONSAVEL TÉCNICO: Tallison Barros;
C6: 1734-AENTR/c RemCCM2 192.100.3.31
C7: SLOT 01 1734-IB8/C : 08 DI
C8: IO | D8: Local | E8: Min | F8: Max | G8: TAG 's | H8: DESCRIÇÃO
C9: DI.0 | E9: 0 | F9: 1 | G9: M47VR4.fb | H9: VÁLVULA ROTATIVA
C10: DI.1 | E10: 0 | F10: 1 | G10: M47VR5.fb | H10: VÁLVULA ROTATIVA
C11: DI.2 | E11: 0 | F11: 1 | G11: M47VR9.fb | H11: VÁLVULA ROTATIVA
C12: DI.3 | E12: 0 | F12: 1 | G12: M46VR10.fb | H12: VÁLVULA ROTATIVA
C13: DI.4 | E13: 0 | F13: 1 | G13: M47EX1.fb | H13: EXAUSTOR
C14: DI.5 | E14: 0 | F14: 1 | G14: M46GD1.fb | H14: DISTRIBUIDOR GIRATÓRIO - MOD. SDG/F - 5
C15: DI.6 | E15: 0 | F15: 1 | G15: M46GD2.fb | H15: DISTRIBUIDOR GIRATÓRIO - MOD. SDG/F - 5
C16: DI.7 | E16: 0 | F16: 1 | G16: M46GD3.fb | H16: DISTRIBUIDOR GIRATÓRIO - MOD. SDG/F - 5
C17: SLOT 02 1734-IB8/C : 08 DI
C18: IO | D18: Local | E18: Min | F18: Max | G18: TAG 's | H18: DESCRIÇÃO
C19: DI.0 | E19: 0 | F19: 1 | G19: M46GD4.fb | H19: DISTRIBUIDOR GIRATÓRIO - MOD. SDG/F - 5
C20: DI.1 | E20: 0 | F20: 1 | G20: M46VR6.fb | H20: VÁLVULA ROTATIVA
C21: DI.2 | E21: 0 | F21: 1 | G21: M46VR7.fb | H21: VÁLVULA ROTATIVA
C22: DI.3 | E22: 0 | F22: 1 | G22: M47EX2.fb | H22: EXTRATOR PLANO
C23: DI.4 | E23: 0 | F23: 1 | G23: M46GD5.fb | H23: DISTRIBUIDOR GIRATÓRIO - MOD. SDG/F - 6
C24: DI.5 | E24: 0 | F24: 1 | G24: M47VR11.fb | H24: VÁLVULA ROTATIVA
C25: DI.6 | E25: 0 | F25: 1 | G25: M47VR12.fb | H25: Sistema de tranportador Pneumático
C26: DI.7 | E26: 0 | F26: 1 | G26: M47VR15.fb | H26: VÁLVULA ROTATIVA
C27: SLOT 03 1734-IB8/C : 08 DI
C28: IO | D28: Local | E28: Min | F28: Max | G28: TAG 's | H28: DESCRIÇÃO
C29: DI.0 | E29: 0 | F29: 1 | G29: M46GD6.fb | H29: DISTRIBUIDOR GIRATÓRIO - MOD. SDG/F - 4
C30: DI.1 | E30: 0 | F30: 1 | G30: M46GD7.fb | H30: DISTRIBUIDOR GIRATÓRIO - MOD. SDG/F - 4
C31: DI.2 | E31: 0 | F31: 1 | G31: M45GD8.fb | H31: DISTRIBUIDOR GIRATÓRIO - MOD. SDG/F-4
C32: DI.3 | E32: 0 | F32: 1 | G32: M46EX3.fb | H32: EXAUSTOR
C33: DI.4 | E33: 0 | F33: 1 | G33: M47VR18.fb | H33: VÁLVULA ROTATIVA
C34: DI.5 | E34: 0 | F34: 1 | G34: M46VR20.fb | H34: VÁLVULA ROTATIVA
C35: DI.6 | E35: 0 | F35: 1 | G35: M45GD9.fb | H35: DISTRIBUIDOR GIRATÓRIO - MOD. SDG/F-4
C36: DI.7 | E36: 0 | F36: 1 | G36: M45GD10.fb | H36: DISTRIBUIDOR GIRATÓRIO - MOD. SDG/F-4
C37: SLOT 04 1734-IB8/C : 08 DI
C38: IO | D38: Local | E38: Min | F38: Max | G38: TAG 's | H38: DESCRIÇÃO
C39: DI.0 | E39: 0 | F39: 1 | G39: M44EX4.fb | H39: EXAUSTOR
C40: DI.1 | E40: 0 | F40: 1 | G40: M44VR45.fb | H40: VALVULA ROTATIVA
C41: DI.2 | E41: 0 | F41: 1 | G41: M47VR3.fb | H41: VÁLVULA ROTATIVA
C42: DI.3 | E42: 0 | F42: 1 | G42: M47VR8.fb | H42: VÁLVULA ROTATIVA
C43: DI.4 | E43: 0 | F43: 1 | G43: M47VR13.fb | H43: VÁLVULA ROTATIVA
C44: DI.5 | E44: 0 | F44: 1 | G44: M46VR14.fb | H44: VÁLVULA ROTATIVA
C45: DI.6 | E45: 0 | F45: 1 | G45: M47VR16.fb | H45: VÁLVULA ROTATIVA
C46: DI.7 | E46: 0 | F46: 1 | G46: M47VR17.fb | H46: VÁLVULA ROTATIVA
C47: SLOT 05 1734-IB8/C : 08 DI
C48: IO | D48: Local | E48: Min | F48: Max | G48: TAG 's | H48: DESCRIÇÃO
C49: DI.0 | E49: 0 | F49: 1 | G49: M47VR19.fb | H49: VÁLVULA ROTATIVA
C50: DI.1 | E50: 0 | F50: 1 | G50: M44VR21.fb | H50: VALVULA ROTATIVA
C51: DI.2 | E51: 0 | F51: 1 | G51: M36GD1.fb | H51: DISTRIBUIDOR GIRATÓRIO
C52: DI.3 | E52: 0 | F52: 1 | G52: M33SU1.fb | H52: UNIDADE DE UMIDIFICAÇÃO
C53: DI.4 | E53: 0 | F53: 1 | G53: M33SU2.fb | H53: UNIDADE DE UMIDIFICAÇÃO
C54: DI.5 | E54: 0 | F54: 1 | G54: M33SU3.fb | H54: UNIDADE DE UMIDIFICAÇÃO
C55: DI.6 | E55: 0 | F55: 1 | G55: M43VT23.fb | H55: VENTILADOR
C56: DI.7 | E56: 0 | F56: 1 | G56: M43VT24.fb | H56: VENTILADOR
C57: SLOT 06 1734-OB8/C : 08 DO
C58: IO | D58: Local | E58: Min | F58: Max | G58: TAG 's | H58: DESCRIÇÃO
C59: DO.0 | E59: 0 | F59: 1 | G59: M47VR4.saida | H59: VÁLVULA ROTATIVA
C60: DO.1 | E60: 0 | F60: 1 | G60: M47VR5.saida | H60: VÁLVULA ROTATIVA
C61: DO.2 | E61: 0 | F61: 1 | G61: M47VR9.saida | H61: VÁLVULA ROTATIVA
C62: DO.3 | E62: 0 | F62: 1 | G62: M46VR10.saida | H62: VÁLVULA ROTATIVA
C63: DO.4 | E63: 0 | F63: 1 | G63: M47EX1.saida | H63: EXAUSTOR
C64: DO.5 | E64: 0 | F64: 1 | G64: M46GD1.saida | H64: DISTRIBUIDOR GIRATÓRIO - MOD. SDG/F - 5
C65: DO.6 | E65: 0 | F65: 1 | G65: M46GD2.saida | H65: DISTRIBUIDOR GIRATÓRIO - MOD. SDG/F - 5
C66: DO.7 | E66: 0 | F66: 1 | G66: M46GD3.saida | H66: DISTRIBUIDOR GIRATÓRIO - MOD. SDG/F - 5
C67: SLOT 07 1734-OB8/C : 08 DO
C68: IO | D68: Local | E68: Min | F68: Max | G68: TAG 's | H68: DESCRIÇÃO
C69: DO.0 | E69: 0 | F69: 1 | G69: M46GD4.saida | H69: DISTRIBUIDOR GIRATÓRIO - MOD. SDG/F - 5
C70: DO.1 | E70: 0 | F70: 1 | G70: M46VR6.saida | H70: VÁLVULA ROTATIVA
C71: DO.2 | E71: 0 | F71: 1 | G71: M46VR7.saida | H71: VÁLVULA ROTATIVA
C72: DO.3 | E72: 0 | F72: 1 | G72: M47EX2.saida | H72: EXTRATOR PLANO
C73: DO.4 | E73: 0 | F73: 1 | G73: M46GD5.saida | H73: DISTRIBUIDOR GIRATÓRIO - MOD. SDG/F - 6
C74: DO.5 | E74: 0 | F74: 1 | G74: M47VR11.saida | H74: VÁLVULA ROTATIVA
C75: DO.6 | E75: 0 | F75: 1 | G75: M46VR12.saida | H75: VÁLVULA ROTATIVA
C76: DO.7 | E76: 0 | F76: 1 | G76: M47VR15.saida | H76: VÁLVULA ROTATIVA
C77: SLOT 08 1734-OB8/C : 08 DO
C78: IO | D78: Local | E78: Min | F78: Max | G78: TAG 's | H78: DESCRIÇÃO
C79: DO.0 | E79: 0 | F79: 1 | G79: M46GD6.saida | H79: DISTRIBUIDOR GIRATÓRIO - MOD. SDG/F - 4
C80: DO.1 | E80: 0 | F80: 1 | G80: M46GD7.saida | H80: DISTRIBUIDOR GIRATÓRIO - MOD. SDG/F - 4
C81: DO.2 | E81: 0 | F81: 1 | G81: M45GD8.saida | H81: DISTRIBUIDOR GIRATÓRIO - MOD. SDG/F-4
C82: DO.3 | E82: 0 | F82: 1 | G82: M46EX3.saida | H82: EXAUSTOR
C83: DO.4 | E83: 0 | F83: 1 | G83: M47VR18.saida | H83: VÁLVULA ROTATIVA
C84: DO.5 | E84: 0 | F84: 1 | G84: M46VR20.saida | H84: VÁLVULA ROTATIVA
C85: DO.6 | E85: 0 | F85: 1 | G85: M45GD9.saida | H85: DISTRIBUIDOR GIRATÓRIO - MOD. SDG/F-4
C86: DO.7 | E86: 0 | F86: 1 | G86: M45GD10.saida | H86: DISTRIBUIDOR GIRATÓRIO - MOD. SDG/F-4
C87: SLOT 09 1734-OB8/C : 08 DO
C88: IO | D88: Local | E88: Min | F88: Max | G88: TAG 's | H88: DESCRIÇÃO
C89: DO.0 | E89: 0 | F89: 1 | G89: M44EX4.saida | H89: EXAUSTOR
C90: DO.1 | E90: 0 | F90: 1 | G90: M44VR45.saida | H90: VALVULA ROTATIVA
C91: DO.2 | E91: 0 | F91: 1 | G91: M47VR3.saida | H91: VÁLVULA ROTATIVA
C92: DO.3 | E92: 0 | F92: 1 | G92: M47VR8.saida | H92: VÁLVULA ROTATIVA
C93: DO.4 | E93: 0 | F93: 1 | G93: M47VR13.saida | H93: VÁLVULA ROTATIVA
C94: DO.5 | E94: 0 | F94: 1 | G94: M46VR14.saida | H94: VÁLVULA ROTATIVA
C95: DO.6 | E95: 0 | F95: 1 | G95: M47VR16.saida | H95: VÁLVULA ROTATIVA
C96: DO.7 | E96: 0 | F96: 1 | G96: M47VR17.saida | H96: VÁLVULA ROTATIVA
C97: SLOT 10 1734-OB8/C : 08 DO
C98: IO | D98: Local | E98: Min | F98: Max | G98: TAG 's | H98: DESCRIÇÃO
C99: DO.0 | E99: 0 | F99: 1 | G99: M47VR19.saida | H99: VÁLVULA ROTATIVA
C100: DO.1 | E100: 0 | F100: 1 | G100: M44VR21.saida | H100: VALVULA ROTATIVA
C101: DO.2 | E101: 0 | F101: 1 | G101: M36GD1.saida | H101: DISTRIBUIDOR GIRATÓRIO
...

Sheet RemCCM3
C1: Milhão Ingredients Unidade - Rio Verde
C2: CPU CONTROLOGIX 1756-L73 192.100.3.1
C3: LISTA DE IO
G4: RESPONSAVEL TÉCNICO: Tallison Barros;
C6: 1734-AENTR/c RemCCM3 192.100.3.50
C7: SLOT 01 1734-IB8/C : 08 DI
C8: IO | D8: Local | E8: Min | F8: Max | G8: TAG 's | H8: DESCRIÇÃO
C9: DI.0 | E9: 0 | F9: 1 | G9: M43AV3.fb | H9: SEPARADOR DE AR TARARA (MotorORIZAÇÃO NOVA)
C10: DI.1 | E10: 0 | F10: 1 | G10: M43AV4.fb | H10: SEPARADOR DE AR TARARA (MotorORIZAÇÃO NOVA)
C11: DI.2 | E11: 0 | F11: 1 | G11: M43AV5.fb | H11: SEPARADOR DE AR TARARA (MotorORIZAÇÃO NOVA)
C12: DI.3 | E12: 0 | F12: 1 | G12: M43AV6.fb | H12: SEPARADOR DE AR TARARA (MotorORIZAÇÃO NOVA)
C13: DI.4 | E13: 0 | F13: 1 | G13: M43RE8.fb | H13: ROSCA EXTRATORA
C14: DI.5 | E14: 0 | F14: 1 | G14: M42RE9.fb | H14: ROSCA EXTRATORA
C15: DI.6 | E15: 0 | F15: 1 | G15: M45VR42.fb | H15: VÁLVULA ROTATIVA
C16: DI.7 | E16: 0 | F16: 1 | G16: M42RE1.fb | H16: ROSCA TRANSPORTADORA
C17: SLOT 02 1734-IB8/C : 08 DI
C18: IO | D18: Local | E18: Min | F18: Max | G18: TAG 's | H18: DESCRIÇÃO
C19: DI.0 | E19: 0 | F19: 1 | G19: M42RE2.fb | H19: ROSCA TRANSPORTADORA
C20: DI.1 | E20: 0 | F20: 1 | G20: M42RE3.fb | H20: ROSCA TRANSPORTADORA
C21: DI.2 | E21: 0 | F21: 1 | G21: M42RE4.fb | H21: ROSCA TRANSPORTADORA
C22: DI.3 | E22: 0 | F22: 1 | G22: M42RE5.fb | H22: ROSCA TRANSPORTADORA
C23: DI.4 | E23: 0 | F23: 1 | G23: M43CD1A.fb | H23: CONDICIONADOR TÉRMICO - Motoror rosca 1
C24: DI.5 | E24: 0 | F24: 1 | G24: M43CD1B.fb | H24: CONDICIONADOR TÉRMICO - Motoror rosca 2
C25: DI.6 | E25: 0 | F25: 1 | G25: M43TV1.fb | H25: TURBOPENEIRA VERTICAL - MOD. STSF 40/80
C26: DI.7 | E26: 0 | F26: 1 | G26: M43TV2.fb | H26: TURBOPENEIRA VERTICAL - MOD. STSF 40/80
C27: SLOT 03 1734-IB8/C : 08 DI
C28: IO | D28: Local | E28: Min | F28: Max | G28: TAG 's | H28: DESCRIÇÃO
C29: DI.0 | E29: 0 | F29: 1 | G29: M43TV3.fb | H29: TURBOPENEIRA VERTICAL - MOD. STSF 40/80
C30: DI.1 | E30: 0 | F30: 1 | G30: M43TV4.fb | H30: TURBOPENEIRA VERTICAL - MOD. STSF 40/80
C31: DI.2 | E31: 0 | F31: 1 | G31: M43TV5.fb | H31: TURBOPENEIRA VERTICAL - MOD. STSF 40/80
C32: DI.3 | E32: 0 | F32: 1 | G32: M43TV6.fb | H32: TURBOPENEIRA VERTICAL - MOD. STSF 40/80
C33: DI.4 | E33: 0 | F33: 1 | G33: EMERGENCIA_CCM3.zsCampo | H33: EMERGENCIA_CCM3
C34: DI.5 | E34: 0 | F34: 1 | G34: M45VT26.fb | H34: VENTILADOR
C35: DI.6 | E35: 0 | F35: 1
C36: DI.7 | E36: 0 | F36: 1
C37: SLOT 04 1734-OB8/C : 08 DO
C38: IO | D38: Local | E38: Min | F38: Max | G38: TAG 's | H38: DESCRIÇÃO
C39: DO.0 | E39: 0 | F39: 1 | G39: M43AV3.saida | H39: SEPARADOR DE AR TARARA (MotorORIZAÇÃO NOVA)
C40: DO.1 | E40: 0 | F40: 1 | G40: M43AV4.saida | H40: SEPARADOR DE AR TARARA (MotorORIZAÇÃO NOVA)
C41: DO.2 | E41: 0 | F41: 1 | G41: M43AV5.saida | H41: SEPARADOR DE AR TARARA (MotorORIZAÇÃO NOVA)
C42: DO.3 | E42: 0 | F42: 1 | G42: M43AV6.saida | H42: SEPARADOR DE AR TARARA (MotorORIZAÇÃO NOVA)
C43: DO.4 | E43: 0 | F43: 1 | G43: M43RE8.saida | H43: ROSCA EXTRATORA
C44: DO.5 | E44: 0 | F44: 1 | G44: M42RE9.saida | H44: ROSCA EXTRATORA
C45: DO.6 | E45: 0 | F45: 1 | G45: M45VR42.saida | H45: VÁLVULA ROTATIVA
C46: DO.7 | E46: 0 | F46: 1 | G46: M42RE1.saida | H46: ROSCA TRANSPORTADORA
C47: SLOT 05 1734-OB8/C : 08 DO
C48: IO | D48: Local | E48: Min | F48: Max | G48: TAG 's | H48: DESCRIÇÃO
C49: DO.0 | E49: 0 | F49: 1 | G49: M42RE2.saida | H49: ROSCA TRANSPORTADORA
C50: DO.1 | E50: 0 | F50: 1 | G50: M42RE3.saida | H50: ROSCA TRANSPORTADORA
C51: DO.2 | E51: 0 | F51: 1 | G51: M42RE4.saida | H51: ROSCA TRANSPORTADORA
C52: DO.3 | E52: 0 | F52: 1 | G52: M42RE5.saida | H52: ROSCA TRANSPORTADORA
C53: DO.4 | E53: 0 | F53: 1 | G53: M43CD1A.saida | H53: CONDICIONADOR TÉRMICO - Motoror rosca 1
C54: DO.5 | E54: 0 | F54: 1 | G54: M43CD1B.saida | H54: CONDICIONADOR TÉRMICO - Motoror rosca 2
C55: DO.6 | E55: 0 | F55: 1 | G55: M43TV1.saida | H55: TURBOPENEIRA VERTICAL - MOD. STSF 40/80
C56: DO.7 | E56: 0 | F56: 1 | G56: M43TV2.saida | H56: TURBOPENEIRA VERTICAL - MOD. STSF 40/80
C57: SLOT 06 1734-OB8/C : 08 DO
C58: IO | D58: Local | E58: Min | F58: Max | G58: TAG 's | H58: DESCRIÇÃO
C59: DO.0 | E59: 0 | F59: 1 | G59: M43TV3.saida | H59: TURBOPENEIRA VERTICAL - MOD. STSF 40/80
C60: DO.1 | E60: 0 | F60: 1 | G60: M43TV4.saida | H60: TURBOPENEIRA VERTICAL - MOD. STSF 40/80
C61: DO.2 | E61: 0 | F61: 1 | G61: M43TV5.saida | H61: TURBOPENEIRA VERTICAL - MOD. STSF 40/80
C62: DO.3 | E62: 0 | F62: 1 | G62: M43TV6.saida | H62: TURBOPENEIRA VERTICAL - MOD. STSF 40/80
C63: DO.4 | E63: 0 | F63: 1 | G63: M45VT26.saida | H63: VENTILADOR
C64: DO.5 | E64: 0 | F64: 1
C65: DO.6 | E65: 0 | F65: 1
C66: DO.7 | E66: 0 | F66: 1
C67: SLOT 07 1734-IB8/C : 08 DI
C68: IO | D68: Local | E68: Min | F68: Max | G68: TAG 's | H68: DESCRIÇÃO
C69: DI.0 | E69: 0 | F69: 1 | G69: M45MM6.fb | H69: MOINHO MARTELO
C70: DI.1 | E70: 0 | F70: 1 | G70: M45MM7.fb | H70: MOINHO MARTELO
C71: DI.2 | E71: 0 | F71: 1 | G71: M46MM1.fb | H71: MOINHO MARTELO
C72: DI.3 | E72: 0 | F72: 1 | G72: M46MM2.fb | H72: MOINHO MARTELO
C73: DI.4 | E73: 0 | F73: 1 | G73: M46MM5.fb | H73: MOINHO MARTELO
C74: DI.5 | E74: 0 | F74: 1 | G74: M46MM4.fb | H74: MOINHO MARTELO
C75: DI.6 | E75: 0 | F75: 1 | G75: M46MM3.fb | H75: MOINHO MARTELO
C76: DI.7 | E76: 0 | F76: 1 | H76: MOINHO MARTELO
C77: SLOT 08 1734-OB8/C : 08 DO
C78: IO | D78: Local | E78: Min | F78: Max | G78: TAG 's | H78: DESCRIÇÃO
C79: DO.0 | E79: 0 | F79: 1 | G79: M45MM6.reset | H79: MOINHO MARTELO
C80: DO.1 | E80: 0 | F80: 1 | G80: M45MM7.reset | H80: MOINHO MARTELO
C81: DO.2 | E81: 0 | F81: 1 | G81: M46MM1.reset | H81: MOINHO MARTELO
C82: DO.3 | E82: 0 | F82: 1 | G82: M46MM2.reset | H82: MOINHO MARTELO
C83: DO.4 | E83: 0 | F83: 1 | G83: M46MM5.reset | H83: MOINHO MARTELO
C84: DO.5 | E84: 0 | F84: 1 | G84: M46MM4.reset | H84: MOINHO MARTELO
C85: DO.6 | E85: 0 | F85: 1 | G85: M46MM3.reset | H85: MOINHO MARTELO
C86: DO.7 | E86: 0 | F86: 1 | G86: M45MM6.saida | H86: MOINHO MARTELO
C87: SLOT 09 1734-OB8/C : 08 DO
C88: IO | D88: Local | E88: Min | F88: Max | G88: TAG 's | H88: DESCRIÇÃO
C89: DO.0 | E89: 0 | F89: 1 | G89: M45MM7.saida | H89: MOINHO MARTELO
C90: DO.1 | E90: 0 | F90: 1 | G90: M46MM1.saida | H90: MOINHO MARTELO
C91: DO.2 | E91: 0 | F91: 1 | G91: M46MM2.saida | H91: MOINHO MARTELO
C92: DO.3 | E92: 0 | F92: 1 | G92: M46MM5.saida | H92: MOINHO MARTELO
C93: DO.4 | E93: 0 | F93: 1 | G93: M46MM4.saida | H93: MOINHO MARTELO
C94: DO.5 | E94: 0 | F94: 1 | G94: M46MM3.saida | H94: MOINHO MARTELO
C95: DO.6 | E95: 0 | F95: 1 | H95: MOINHO MARTELO
C96: DO.7 | E96: 0 | F96: 1 | H96: MOINHO MARTELO

Sheet RemCCM4
C1: Milhão Ingredients Unidade - Rio Verde
C2: CPU CONTROLOGIX 1756-L73 192.100.3.1
C3: LISTA DE IO
G4: RESPONSAVEL TÉCNICO: Tallison Barros;
C6: 1734-AENTR/c RemCCM4 192.100.3.86
C7: SLOT 01 1734-IB8/C : 08 DI
C8: IO | D8: Local | E8: Min | F8: Max | G8: TAG 's | H8: DESCRIÇÃO
C9: DI.0 | E9: 0 | F9: 1 | G9: M46BP3.fb | H9: TRANSP. PNEU. EM PRESSÃO (SOP.) - LINHA 01 - SUPER
C10: DI.1 | E10: 0 | F10: 1 | G10: M46BP10.fb | H10: TRANSP. PNEU. EM PRESSÃO (SOP.) - LINHA 07 - PEPSICO
C11: DI.2 | E11: 0 | F11: 1 | G11: M45BP12.fb | H11: TRANSP. PNEU. EM PRESSÃO (SOP.) - LINHA 09 - GRITS 170
C12: DI.3 | E12: 0 | F12: 1 | G12: M45BP13.fb | H12: TRANSP. PNEU. EM PRESSÃO (SOP.) - LINHA 10 - GRITS 1515
C13: DI.4 | E13: 0 | F13: 1 | G13: M46BP9.fb | H13: TRANSP. PNEU. EM PRESSÃO (SOP.) - LINHA 06 - DESMIL GROSSO
C14: DI.5 | E14: 0 | F14: 1 | G14: M47EL2.fb | H14: ELEVADOR DE CAÇAMBAS - MOD. EAP 50/50/17
C15: DI.6 | E15: 0 | F15: 1 | G15: M40RC4.fb | H15: ROSCA TRANSPORTADORA
C16: DI.7 | E16: 0 | F16: 1 | G16: M40RC5.fb | H16: ROSCA TRANSPORTADORA
C17: SLOT 02 1734-IB8/C : 08 DI
C18: IO | D18: Local | E18: Min | F18: Max | G18: TAG 's | H18: DESCRIÇÃO
C19: DI.0 | E19: 0 | F19: 1 | G19: M40RC6.fb | H19: ROSCA TRANSPORTADORA
C20: DI.1 | E20: 0 | F20: 1 | G20: M40RC1.fb | H20: ROSCA TRANSPORTADORA
C21: DI.2 | E21: 0 | F21: 1 | G21: M40RC2.fb | H21: ROSCA TRANSPORTADORA
C22: DI.3 | E22: 0 | F22: 1 | G22: M40RC7.fb | H22: ROSCA TRANSPORTADORA
C23: DI.4 | E23: 0 | F23: 1 | G23: M40VR35.fb | H23: VÁLVULA ROTATIVA
C24: DI.5 | E24: 0 | F24: 1 | G24: M40VR38.fb | H24: VÁLVULA ROTATIVA
C25: DI.6 | E25: 0 | F25: 1 | G25: M40VR39.fb | H25: VÁLVULA ROTATIVA
C26: DI.7 | E26: 0 | F26: 1 | G26: M40VR40.fb | H26: VÁLVULA ROTATIVA
C27: SLOT 03 1734-IB8/C : 08 DI
C28: IO | D28: Local | E28: Min | F28: Max | G28: TAG 's | H28: DESCRIÇÃO
C29: DI.0 | E29: 0 | F29: 1 | G29: M40VR28.fb | H29: VÁLVULA ROTATIVA
C30: DI.1 | E30: 0 | F30: 1 | G30: M40VR29.fb | H30: VÁLVULA ROTATIVA
C31: DI.2 | E31: 0 | F31: 1 | G31: M40VR30.fb | H31: VÁLVULA ROTATIVA
C32: DI.3 | E32: 0 | F32: 1 | G32: M40VR31.fb | H32: VÁLVULA ROTATIVA
C33: DI.4 | E33: 0 | F33: 1 | G33: M40VR32.fb | H33: VÁLVULA ROTATIVA
C34: DI.5 | E34: 0 | F34: 1 | G34: M40VR33.fb | H34: VÁLVULA ROTATIVA
C35: DI.6 | E35: 0 | F35: 1 | G35: M40VR34.fb | H35: VÁLVULA ROTATIVA
C36: DI.7 | E36: 0 | F36: 1 | G36: M40VR36.fb | H36: VÁLVULA ROTATIVA
C37: SLOT 04 1734-IB8/C : 08 DI
C38: IO | D38: Local | E38: Min | F38: Max | G38: TAG 's | H38: DESCRIÇÃO
C39: DI.0 | E39: 0 | F39: 1 | G39: M40VR37.fb | H39: VÁLVULA ROTATIVA
C40: DI.1 | E40: 0 | F40: 1 | G40: M24BH1.fb | H40: SISTEMA PARA BOMBEAMENTO DE ÁGUA
C41: DI.2 | E41: 0 | F41: 1 | G41: M23SU1.fb | H41: UNIDADES DE UMIDIFICAÇÃO PARA ROSCAS
C42: DI.3 | E42: 0 | F42: 1 | G42: M23SU2.fb | H42: UNIDADES DE UMIDIFICAÇÃO PARA ROSCAS
C43: DI.4 | E43: 0 | F43: 1 | G43: M23SU3.fb | H43: UNIDADES DE UMIDIFICAÇÃO PARA ROSCAS
C44: DI.5 | E44: 0 | F44: 1 | G44: M23SU4.fb | H44: UNIDADES DE UMIDIFICAÇÃO PARA ROSCAS
C45: DI.6 | E45: 0 | F45: 1 | G45: M23SU5.fb | H45: UNIDADES DE UMIDIFICAÇÃO PARA ROSCAS
C46: DI.7 | E46: 0 | F46: 1 | G46: M23SU6.fb | H46: UNIDADES DE UMIDIFICAÇÃO PARA ROSCAS
C47: SLOT 05 1734-IB8/C : 08 DI
C48: IO | D48: Local | E48: Min | F48: Max | G48: TAG 's | H48: DESCRIÇÃO
C49: DI.0 | E49: 0 | F49: 1 | G49: M23SU7.fb | H49: UNIDADES DE UMIDIFICAÇÃO PARA ROSCAS
C50: DI.1 | E50: 0 | F50: 1 | G50: M23SU8.fb | H50: UNIDADES DE UMIDIFICAÇÃO PARA ROSCAS
C51: DI.2 | E51: 0 | F51: 1 | G51: M23SU9.fb | H51: UNIDADES DE UMIDIFICAÇÃO PARA ROSCAS
C52: DI.3 | E52: 0 | F52: 1 | G52: M23SU10.fb | H52: UNIDADES DE UMIDIFICAÇÃO PARA ROSCAS
C53: DI.4 | E53: 0 | F53: 1 | G53: M23SU11.fb | H53: UNIDADES DE UMIDIFICAÇÃO PARA ROSCAS
C54: DI.5 | E54: 0 | F54: 1 | G54: M23SU12.fb | H54: UNIDADES DE UMIDIFICAÇÃO PARA ROSCAS
C55: DI.6 | E55: 0 | F55: 1 | G55: M23SU13.fb | H55: UNIDADES DE UMIDIFICAÇÃO PARA ROSCAS
C56: DI.7 | E56: 0 | F56: 1 | G56: M23SU14.fb | H56: UNIDADES DE UMIDIFICAÇÃO PARA ROSCAS
C57: SLOT 06 1734-IB8/C : 08 DI
C58: IO | D58: Local | E58: Min | F58: Max | G58: TAG 's | H58: DESCRIÇÃO
C59: DI.0 | E59: 0 | F59: 1 | G59: M23SU15.fb | H59: UNIDADES DE UMIDIFICAÇÃO PARA ROSCAS
C60: DI.1 | E60: 0 | F60: 1 | G60: M23SU16.fb | H60: UNIDADES DE UMIDIFICAÇÃO PARA ROSCAS
C61: DI.2 | E61: 0 | F61: 1 | G61: M23SU17.fb | H61: UNIDADES DE UMIDIFICAÇÃO PARA ROSCAS
C62: DI.3 | E62: 0 | F62: 1 | G62: M23SU18.fb | H62: UNIDADES DE UMIDIFICAÇÃO PARA ROSCAS
C63: DI.4 | E63: 0 | F63: 1 | G63: M23SU19.fb | H63: UNIDADES DE UMIDIFICAÇÃO PARA ROSCAS
C64: DI.5 | E64: 0 | F64: 1 | G64: M23SU20.fb | H64: UNIDADES DE UMIDIFICAÇÃO PARA ROSCAS
C65: DI.6 | E65: 0 | F65: 1 | G65: M23SU21.fb | H65: UNIDADES DE UMIDIFICAÇÃO PARA ROSCAS
C66: DI.7 | E66: 0 | F66: 1 | G66: M44VT7.fb | H66: VENTILADOR
C67: SLOT 07 1734-IB8/C : 08 DI
C68: IO | D68: Local | E68: Min | F68: Max | G68: TAG 's | H68: DESCRIÇÃO
C69: DI.0 | E69: 0 | F69: 1 | G69: M44VT9.fb | H69: VENTILADOR
C70: DI.1 | E70: 0 | F70: 1 | G70: M44VT11.fb | H70: VENTILADOR
C71: DI.2 | E71: 0 | F71: 1 | G71: M40VT6.fb | H71: VENTILADOR
C72: DI.3 | E72: 0 | F72: 1 | G72: M40VT8.fb | H72: VENTILADOR
C73: DI.4 | E73: 0 | F73: 1 | G73: M40VT10.fb | H73: VENTILADOR
C74: DI.5 | E74: 0 | F74: 1 | G74: M40VT12.fb | H74: VENTILADOR
C75: DI.6 | E75: 0 | F75: 1 | G75: M40VT13.fb | H75: VENTILADOR
C76: DI.7 | E76: 0 | F76: 1 | G76: M40VT14.fb | H76: VENTILADOR
C77: SLOT 08 1734-IB8/C : 08 DI
C78: IO | D78: Local | E78: Min | F78: Max | G78: TAG 's | H78: DESCRIÇÃO
C79: DI.0 | E79: 0 | F79: 1 | G79: M40VT15.fb | H79: VENTILADOR
C80: DI.1 | E80: 0 | F80: 1 | G80: M40VT16.fb | H80: VENTILADOR
C81: DI.2 | E81: 0 | F81: 1 | G81: M40VT17.fb | H81: VENTILADOR
C82: DI.3 | E82: 0 | F82: 1 | G82: M40VT18.fb | H82: VENTILADOR
C83: DI.4 | E83: 0 | F83: 1 | G83: M40VT19.fb | H83: VENTILADOR
C84: DI.5 | E84: 0 | F84: 1 | G84: M40VT20.fb | H84: VENTILADOR
C85: DI.6 | E85: 0 | F85: 1 | G85: M40VT21.fb | H85: VENTILADOR
C86: DI.7 | E86: 0 | F86: 1 | G86: M40VT22.fb | H86: VENTILADOR
C87: SLOT 09 1734-IB8/C : 08 DI
C88: IO | D88: Local | E88: Min | F88: Max | G88: TAG 's | H88: DESCRIÇÃO
C89: DI.0 | E89: 0 | F89: 1 | G89: M40VT23.fb | H89: VENTILADOR
C90: DI.1 | E90: 0 | F90: 1 | G90: M40VT24.fb | H90: VENTILADOR
C91: DI.2 | E91: 0 | F91: 1 | G91: M40VT25.fb | H91: VENTILADOR
C92: DI.3 | E92: 0 | F92: 1 | G92: EMERGENCIA_CCM4.zsCampo | H92: EMERGENCIA_CCM4
C93: DI.4 | E93: 0 | F93: 1
C94: DI.5 | E94: 0 | F94: 1
C95: DI.6 | E95: 0 | F95: 1
C96: DI.7 | E96: 0 | F96: 1
C97: SLOT 10 1734-OB8/C : 08 DO
C98: IO | D98: Local | E98: Min | F98: Max | G98: TAG 's | H98: DESCRIÇÃO
C99: DO.0 | E99: 0 | F99: 1 | G99: M46BP3.saida | H99: TRANSP. PNEU. EM PRESSÃO (SOP.) - LINHA 01 - SUPER
C100: DO.1 | E100: 0 | F100: 1 | G100: M46BP10.saida | H100: TRANSP. PNEU. EM PRESSÃO (SOP.) - LINHA 07 - PEPSICO
C101: DO.2 | E101: 0 | F101: 1 | G101: M45BP12.saida | H101: TRANSP. PNEU. EM PRESSÃO (SOP.) - LINHA 09 - GRITS 170
...

Sheet RemCCM5
C1: Milhão Ingredients Unidade - Rio Verde
C2: CPU CONTROLOGIX 1756-L73 192.100.3.1
C3: LISTA DE IO
G4: RESPONSAVEL TÉCNICO: Tallison Barros;
C6: 1734-AENTR/c RemCCM5 192.100.3.200
C7: SLOT 01 1734-IB8/C : 08 DI
C8: IO | D8: Local | E8: Min | F8: Max | G8: TAG 's | H8: DESCRIÇÃO
C9: DI.0 | E9: 0 | F9: 1 | G9: M61PV1.fb | H9: PENEIRA DE SEGURANÇA - Motoror
C10: DI.1 | E10: 0 | F10: 1 | G10: M61PV2.fb | H10: PENEIRA DE SEGURANÇA - Motoror
C11: DI.2 | E11: 0 | F11: 1 | G11: M61PV3.fb | H11: PENEIRA DE SEGURANÇA - Motoror
C12: DI.3 | E12: 0 | F12: 1 | G12: M61PV4.fb | H12: PENEIRA DE SEGURANÇA - Motoror
C13: DI.4 | E13: 0 | F13: 1 | G13: M65PV5.fb | H13: PENEIRA DE SEGURANÇA - Motoror
C14: DI.5 | E14: 0 | F14: 1 | G14: M65PV6.fb | H14: PENEIRA DE SEGURANÇA - Motoror
C15: DI.6 | E15: 0 | F15: 1 | G15: M64PV7.fb | H15: PENEIRA DE SEGURANÇA - Motoror
C16: DI.7 | E16: 0 | F16: 1 | G16: M64PV8.fb | H16: PENEIRA DE SEGURANÇA - Motoror
C17: SLOT 02 1734-IB8/C : 08 DI
C18: IO | D18: Local | E18: Min | F18: Max | G18: TAG 's | H18: DESCRIÇÃO
C19: DI.0 | E19: 0 | F19: 1 | G19: M64PV9.fb | H19: PENEIRA DE SEGURANÇA - Motoror
C20: DI.1 | E20: 0 | F20: 1 | G20: M64PV10.fb | H20: PENEIRA DE SEGURANÇA - Motoror
C21: DI.2 | E21: 0 | F21: 1 | G21: M64PV11.fb | H21: PENEIRA DE SEGURANÇA - Motoror
C22: DI.3 | E22: 0 | F22: 1 | G22: M64PV12.fb | H22: PENEIRA DE SEGURANÇA - Motoror
C23: DI.4 | E23: 0 | F23: 1 | G23: M63TP1.fb | H23: TURBOPENEIRA - Motoror
C24: DI.5 | E24: 0 | F24: 1 | G24: M63TP2.fb | H24: TURBOPENEIRA - Motoror
C25: DI.6 | E25: 0 | F25: 1 | G25: M63PO1.fb | H25: POLIDORA - Motoror
C26: DI.7 | E26: 0 | F26: 1 | G26: M63PO2.fb | H26: POLIDORA - Motoror
C27: SLOT 03 1734-IB8/C : 08 DI
C28: IO | D28: Local | E28: Min | F28: Max | G28: TAG 's | H28: DESCRIÇÃO
C29: DI.0 | E29: 0 | F29: 1 | G29: M64BP1.fb | H29: SOPRADOR - Motoror
C30: DI.1 | E30: 0 | F30: 1 | G30: M66EL3.fb | H30: ELEVADOR DE CAÇAMBAS - MOD. 35/35/17 - EL19
C31: DI.2 | E31: 0 | F31: 1 | G31: M64RC2.fb | H31: ROSCA TRANSPORTADORA - Motoror
C32: DI.3 | E32: 0 | F32: 1 | G32: M60TR1.fb | H32: ESTEIRA DE ROLETES - Motoror
C33: DI.4 | E33: 0 | F33: 1 | G33: M60TR2.fb | H33: ESTEIRA DE ROLETES - Motoror
C34: DI.5 | E34: 0 | F34: 1 | G34: M60TR3.fb | H34: ESTEIRA DE ROLETES - Motoror
C35: DI.6 | E35: 0 | F35: 1 | G35: M60TR4.fb | H35: ESTEIRA DE ROLETES - Motoror
C36: DI.7 | E36: 0 | F36: 1 | G36: M63TC1.fb | H36: ESTEIRA TRANSPORTADORA - Motoror
C37: SLOT 04 1734-IB8/C : 08 DI
C38: IO | D38: Local | E38: Min | F38: Max | G38: TAG 's | H38: DESCRIÇÃO
C39: DI.0 | E39: 0 | F39: 1 | G39: M64RC1.fb | H39: ROSCA TRANSPORTADORA - Motoror
C40: DI.1 | E40: 0 | F40: 1 | G40: M65EV1.fb | H40: EXTRATOR - Motoror
C41: DI.2 | E41: 0 | F41: 1 | G41: M65EV2.fb | H41: EXTRATOR - Motoror
C42: DI.3 | E42: 0 | F42: 1 | G42: M65EV3.fb | H42: EXTRATOR - Motoror
C43: DI.4 | E43: 0 | F43: 1 | G43: M65EV4.fb | H43: EXTRATOR - Motoror
C44: DI.5 | E44: 0 | F44: 1 | G44: M65EV5.fb | H44: EXTRATOR - Motoror
C45: DI.6 | E45: 0 | F45: 1 | G45: M65EV6.fb | H45: EXTRATOR - Motoror
C46: DI.7 | E46: 0 | F46: 1 | G46: M65EV7.fb | H46: EXTRATOR - Motoror
C47: SLOT 05 1734-IB8/C : 08 DI
C48: IO | D48: Local | E48: Min | F48: Max | G48: TAG 's | H48: DESCRIÇÃO
C49: DI.0 | E49: 0 | F49: 1 | G49: M60EL2.fb | H49: ELEVADOR DE CAÇAMBAS - MOD. 35/35/17 - EL18 - FLOCOS
C50: DI.1 | E50: 0 | F50: 1 | G50: M67VR7.fb | H50: VÁLVULA ROTATIVA
C51: DI.2 | E51: 0 | F51: 1 | G51: M67VR10.fb | H51: VÁLVULA ROTATIVA
C52: DI.3 | E52: 0 | F52: 1 | G52: M67VR11.fb | H52: VÁLVULA ROTATIVA
C53: DI.4 | E53: 0 | F53: 1 | G53: M62EV8.fb | H53: EXTRATOR - Motoror
C54: DI.5 | E54: 0 | F54: 1 | G54: M61VR17.fb | H54: VÁLVULA ROTATIVA
C55: DI.6 | E55: 0 | F55: 1 | G55: M61VR18.fb | H55: VÁLVULA ROTATIVA
C56: DI.7 | E56: 0 | F56: 1 | G56: M67VR8.fb | H56: VÁLVULA ROTATIVA
C57: SLOT 06 1734-IB8/C : 08 DI
C58: IO | D58: Local | E58: Min | F58: Max | G58: TAG 's | H58: DESCRIÇÃO
C59: DI.0 | E59: 0 | F59: 1 | G59: M67VR9.fb | H59: VÁLVULA ROTATIVA
C60: DI.1 | E60: 0 | F60: 1 | G60: M67GD2.fb | H60: DISTRIBUIDOR GIRATÓRIO - Motoror
C61: DI.2 | E61: 0 | F61: 1 | G61: M67VR12.fb | H61: VÁLVULA ROTATIVA
C62: DI.3 | E62: 0 | F62: 1 | G62: M63VR2.fb | H62: VÁLVULA ROTATIVA
C63: DI.4 | E63: 0 | F63: 1 | G63: M67VR13.fb | H63: VÁLVULA ROTATIVA
C64: DI.5 | E64: 0 | F64: 1 | G64: M62VR14.fb | H64: VÁLVULA ROTATIVA
C65: DI.6 | E65: 0 | F65: 1 | G65: M61VR15.fb | H65: VÁLVULA ROTATIVA
C66: DI.7 | E66: 0 | F66: 1 | G66: M64VT1.fb | H66: VENTILADOR
C67: SLOT 07 1734-IB8/C : 08 DI
C68: IO | D68: Local | E68: Min | F68: Max | G68: TAG 's | H68: DESCRIÇÃO
C69: DI.0 | E69: 0 | F69: 1 | G69: M67VT5.fb | H69: VENTILADOR
C70: DI.1 | E70: 0 | F70: 1 | G70: M67VT7.fb | H70: VENTILADOR
C71: DI.2 | E71: 0 | F71: 1 | G71: M67VT10.fb | H71: VENTILADOR
C72: DI.3 | E72: 0 | F72: 1 | G72: M67VT16.fb | H72: VENTILADOR
C73: DI.4 | E73: 0 | F73: 1 | G73: M62VT21.fb | H73: VENTILADOR
C74: DI.5 | E74: 0 | F74: 1 | G74: M67VT11.fb | H74: VENTILADOR
C75: DI.6 | E75: 0 | F75: 1 | G75: M61VT2.fb | H75: VENTILADOR
C76: DI.7 | E76: 0 | F76: 1 | G76: M61VT3.fb | H76: VENTILADOR
C77: SLOT 08 1734-IB8/C : 08 DI
C78: IO | D78: Local | E78: Min | F78: Max | G78: TAG 's | H78: DESCRIÇÃO
C79: DI.0 | E79: 0 | F79: 1 | G79: M67VT4.fb | H79: VENTILADOR
C80: DI.1 | E80: 0 | F80: 1 | G80: M67VT6.fb | H80: VENTILADOR
C81: DI.2 | E81: 0 | F81: 1 | G81: M67VT8.fb | H81: VENTILADOR
C82: DI.3 | E82: 0 | F82: 1 | G82: M67VT9.fb | H82: VENTILADOR
C83: DI.4 | E83: 0 | F83: 1 | G83: M67VT12.fb | H83: VENTILADOR
C84: DI.5 | E84: 0 | F84: 1 | G84: M67VT13.fb | H84: VENTILADOR
C85: DI.6 | E85: 0 | F85: 1 | G85: M67VT14.fb | H85: VENTILADOR
C86: DI.7 | E86: 0 | F86: 1 | G86: M67VT15.fb | H86: VENTILADOR
C87: SLOT 09 1734-IB8/C : 08 DI
C88: IO | D88: Local | E88: Min | F88: Max | G88: TAG 's | H88: DESCRIÇÃO
C89: DI.0 | E89: 0 | F89: 1 | G89: M67VT17.fb | H89: VENTILADOR
C90: DI.1 | E90: 0 | F90: 1 | G90: M67VT18.fb | H90: VENTILADOR
C91: DI.2 | E91: 0 | F91: 1 | G91: M64VT22.fb | H91: VENTILADOR
C92: DI.3 | E92: 0 | F92: 1 | G92: EMERGENCIA_CCM5.fb | H92: RELE DE SEGURANÇA
C93: DI.4 | E93: 0 | F93: 1
C94: DI.5 | E94: 0 | F94: 1
C95: DI.6 | E95: 0 | F95: 1
C96: DI.7 | E96: 0 | F96: 1
C97: SLOT 10 1734-OB8/C : 08 DO
C98: IO | D98: Local | E98: Min | F98: Max | G98: TAG 's | H98: DESCRIÇÃO
C99: DO.0 | E99: 0 | F99: 1 | G99: M61PV1.saida | H99: PENEIRA DE SEGURANÇA - Motoror
C100: DO.1 | E100: 0 | F100: 1 | G100: M61PV2.saida | H100: PENEIRA DE SEGURANÇA - Motoror
C101: DO.2 | E101: 0 | F101: 1 | G101: M61PV3.saida | H101: PENEIRA DE SEGURANÇA - Motoror
...

Sheet AENTR
C1: Milhão Ingredients Unidade - Rio Verde
C2: CPU CONTROLOGIX 1756-L73 192.100.3.1
C3: LISTA DE IO
G4: RESPONSAVEL TÉCNICO: Tallison Barros;
C6: 1747-AENTR AENTR 192.100.3.119
C7: SLOT 01 1746-IB32 : 32 DI
C8: IO | D8: Local | E8: Min | F8: Max | G8: TAG 's | H8: DESCRIÇÃO
C9: DI.0 | E9: 0 | F9: 1
C10: DI.1 | E10: 0 | F10: 1
C11: DI.2 | E11: 0 | F11: 1
C12: DI.3 | E12: 0 | F12: 1
C13: DI.4 | E13: 0 | F13: 1
C14: DI.5 | E14: 0 | F14: 1
C15: DI.6 | E15: 0 | F15: 1
C16: DI.7 | E16: 0 | F16: 1
C17: DI.8 | E17: 0 | F17: 1
C18: DI.9 | E18: 0 | F18: 1 | G18: M27EL2.fb | H18: ELEVADOR DE CAÇAMBAS - ECAN0025
C19: DI.10 | E19: 0 | F19: 1
C20: DI.11 | E20: 0 | F20: 1
C21: DI.12 | E21: 0 | F21: 1 | G21: M23RN13.fb | H21: Rosca Molhadora da Degerminadora (Antiga RMMD7)
C22: DI.13 | E22: 0 | F22: 1 | G22: M23RN14.fb | H22: Rosca Molhadora da Degerminadora (Antiga RMMD8)
C23: DI.14 | E23: 0 | F23: 1 | G23: M23RN15.fb | H23: Rosca Molhadora da Degerminadora (Antiga RMMD9)
C24: DI.15 | E24: 0 | F24: 1 | G24: M23RN16.fb | H24: Rosca Molhadora da Degerminadora (Antiga RMMD10)
C25: DI.16 | E25: 0 | F25: 1 | G25: M23RN17.fb | H25: Rosca Molhadora da Degerminadora (Antiga RMMD11)
C26: DI.17 | E26: 0 | F26: 1 | G26: M23RN18.fb | H26: Rosca Molhadora da Degerminadora (Antiga RMMD12)
C27: DI.18 | E27: 0 | F27: 1 | G27: M21VT7.fb | H27: Ventilador da Degerminadora (Antiga VTD7)
C28: DI.19 | E28: 0 | F28: 1 | G28: M21VT8.fb | H28: Ventilador da Degerminadora (Antiga VTD8)
C29: DI.20 | E29: 0 | F29: 1 | G29: M21VT9.fb | H29: Ventilador da Degerminadora (Antiga VTD9)
C30: DI.21 | E30: 0 | F30: 1 | G30: M21VT10.fb | H30: Ventilador da Degerminadora (Antiga VTD10)
C31: DI.22 | E31: 0 | F31: 1 | G31: M21VT11.fb | H31: Ventilador da Degerminadora (Antiga VTD11)
C32: DI.23 | E32: 0 | F32: 1 | G32: M21VT12.fb | H32: Ventilador da Degerminadora (Antiga VTD12)
C33: DI.24 | E33: 0 | F33: 1
C34: DI.25 | E34: 0 | F34: 1 | G34: M21RE7.fb | H34: Rosca Alimentadora da Degerminadora (Antiga RAD7)
C35: DI.26 | E35: 0 | F35: 1 | G35: M21RE8.fb | H35: Rosca Alimentadora da Degerminadora (Antiga RAD8)
C36: DI.27 | E36: 0 | F36: 1 | G36: M21RE9.fb | H36: Rosca Alimentadora da Degerminadora (Antiga RAD9)
C37: DI.28 | E37: 0 | F37: 1 | G37: M21RE10.fb | H37: Rosca Alimentadora da Degerminadora (Antiga RAD10)
C38: DI.29 | E38: 0 | F38: 1 | G38: M21RE11.fb | H38: Rosca Alimentadora da Degerminadora (Antiga RAD11)
C39: DI.30 | E39: 0 | F39: 1 | G39: M21RE12.fb | H39: Rosca Alimentadora da Degerminadora (Antiga RAD12)
C40: DI.31 | E40: 0 | F40: 1 | G40: M21VR48.fb | H40: VÁLVULA ROTATIVA DO EXAUSTOR TERMOPNEUMÁTICO
C41: SLOT 02 1746-IB32 : 32 DI
C42: IO | D42: Local | E42: Min | F42: Max | G42: TAG 's | H42: DESCRIÇÃO
C43: DI.0 | E43: 0 | F43: 1 | G43: M21VR59.fb
C44: DI.1 | E44: 0 | F44: 1 | G44: M21VR30.fb | H44: VÁVULA ROTATIVA DO EXAUSTOR DE GERMEN
C45: DI.2 | E45: 0 | F45: 1 | G45: M21VR38.fb | H45: Válvula Rotativa do Exaustor de Germen (Antiga VRGD12)
C46: DI.3 | E46: 0 | F46: 1 | G46: M21VR31.fb | H46: VÁVULA ROTATIVA DO EXAUSTOR DE GERMEN
C47: DI.4 | E47: 0 | F47: 1 | G47: M21VR57.fb
C48: DI.5 | E48: 0 | F48: 1 | G48: M23VR13.fb | H48: Válvula Rotativa de Degerminadora (Antiga VRD7)
C49: DI.6 | E49: 0 | F49: 1 | G49: M23VR14.fb | H49: Válvula Rotativa de Degerminadora (Antiga VRD8)
C50: DI.7 | E50: 0 | F50: 1 | G50: M23VR15.fb | H50: Válvula Rotativa de Degerminadora (Antiga VRD9)
C51: DI.8 | E51: 0 | F51: 1 | G51: M23VR16.fb | H51: Válvula Rotativa de Degerminadora (Antiga VRD10)
C52: DI.9 | E52: 0 | F52: 1 | G52: M23VR17.fb | H52: Válvula Rotativa de Degerminadora (Antiga VRD11)
C53: DI.10 | E53: 0 | F53: 1 | G53: M23VR18.fb | H53: Válvula Rotativa de Degerminadora (Antiga VRD12)
C54: DI.11 | E54: 0 | F54: 1 | G54: M27VR23.fb | H54: Válvula Rotativa do Exaustor Termopneumático (Antiga VRETP3)
C55: DI.12 | E55: 0 | F55: 1 | G55: M27VR24.fb | H55: VÁLVULA ROTATIVA DO EXAUSTOR TERMOPNEUMÁTICO
C56: DI.13 | E56: 0 | F56: 1 | G56: M27VR25.fb | H56: VÁLVULA ROTATIVA DO EXAUSTOR TERMOPNEUMÁTICO
C57: DI.14 | E57: 0 | F57: 1 | G57: M21RC1.fb | H57: Rosca de Canjica (Antiga RCD1)
C58: DI.15 | E58: 0 | F58: 1 | G58: M21VT74.fb | H58: EXAUSTOR DE GERMEN
C59: DI.16 | E59: 0 | F59: 1 | G59: M22VT70.fb | H59: EXAUSTOR DE GERMEN
... C64: DI.21 | E64: 0 | F64: 1 | G64: M27EX1.fb | H64: EXAUSTOR DE GERMEN
C65: DI.22 | E65: 0 | F65: 1
C66: DI.23 | E66: 0 | F66: 1 | G66: S21RP7_LL.InRaw | H66: Nivel baixo antigo silo 7
C67: DI.24 | E67: 0 | F67: 1 | G67: S21RP7_LH.InRaw | H67: Nivel alto antigo silo 7
C68: DI.25 | E68: 0 | F68: 1 | G68: S21RP8_LL.InRaw | H68: Nivel baixo antigo silo 8
C69: DI.26 | E69: 0 | F69: 1 | G69: S21RP8_LH.InRaw | H69: Nivel alto antigo silo 8
C70: DI.27 | E70: 0 | F70: 1 | G70: S21RP9_LL.InRaw | H70: Nivel baixo antigo silo 9
C71: DI.28 | E71: 0 | F71: 1 | G71: S21RP9_LH.InRaw | H71: Nivel alto antigo silo 9
C72: DI.29 | E72: 0 | F72: 1 | G72: S21RP10_LL.InRaw | H72: Nivel baixo antigo silo 10
C73: DI.30 | E73: 0 | F73: 1 | G73: S21RP10_LH.InRaw | H73: Nivel alto antigo silo 10
C74: DI.31 | E74: 0 | F74: 1 | G74: S21RP11_LL.InRaw | H74: Nivel baixo antigo silo 11
C75: SLOT 03 1746-IB32 : 32 DI
C76: IO | D76: Local | E76: Min | F76: Max | G76: TAG 's | H76: DESCRIÇÃO
C77: DI.0 | E77: 0 | F77: 1 | G77: S21RP11_LH.InRaw | H77: Nivel alto antigo silo 11
C78: DI.1 | E78: 0 | F78: 1 | G78: S21RP12_LL.InRaw | H78: Nivel baixo antigo silo 12
C79: DI.2 | E79: 0 | F79: 1 | G79: S21RP12_LH.InRaw | H79: Nivel alto antigo silo 12
C80: DI.3 | E80: 0 | F80: 1
C81: DI.4 | E81: 0 | F81: 1 | G81: M27VR22.fb
C82: DI.5 | E82: 0 | F82: 1
C83: DI.6 | E83: 0 | F83: 1
C84: DI.7 | E84: 0 | F84: 1
C85: DI.8 | E85: 0 | F85: 1
C86: DI.9 | E86: 0 | F86: 1
C87: DI.10 | E87: 0 | F87: 1
C88: DI.11 | E88: 0 | F88: 1
C89: DI.12 | E89: 0 | F89: 1 | G89: MX23VR13.ZsCampo
C90: DI.13 | E90: 0 | F90: 1 | G90: MX23VR14.ZsCampo
C91: DI.14 | E91: 0 | F91: 1 | G91: MX23VR15.ZsCampo
C92: DI.15 | E92: 0 | F92: 1 | G92: MX23VR16.ZsCampo
C93: DI.16 | E93: 0 | F93: 1 | G93: MX23VR17.ZsCampo
C94: DI.17 | E94: 0 | F94: 1 | G94: MX23VR18.ZsCampo
C95: DI.18 | E95: 0 | F95: 1
C96: DI.19 | E96: 0 | F96: 1 | G96: M27EX8.fb
C97: DI.20 | E97: 0 | F97: 1 | G97: M27VR60.fb
C98: DI.21 | E98: 0 | F98: 1 | G98: MX23VR1.ZsCampo
C99: DI.22 | E99: 0 | F99: 1 | G99: MX23VR2.ZsCampo
C100: DI.23 | E100: 0 | F100: 1 | G100: MX23VR3.ZsCampo
C101: DI.24 | E101: 0 | F101: 1 | G101: MX23VR4.ZsCampo
C102: DI.25 | E102: 0 | F102: 1 | G102: MX23VR5.ZsCampo
C103: DI.26 | E103: 0 | F103: 1 | G103: MX23VR6.ZsCampo
C104: DI.27 | E104: 0 | F104: 1 | G104: M26RC7.fb | H104: ROSCA TRANSPORTADORA POLIGONAL
C105: DI.28 | E105: 0 | F105: 1
...

Sheet AENT1
C1: Milhão Ingredients Unidade - Rio Verde
C2: CPU CONTROLOGIX 1756-L73 192.100.3.1
C3: LISTA DE IO
G4: RESPONSAVEL TÉCNICO: Tallison Barros;
C6: 1794-AENT AENT1 192.100.3.120
C7: SLOT 00 1794-IE8/B : 08 AI
C8: IO | D8: Local | E8: Min | F8: Max | G8: TAG 's | H8: DESCRIÇÃO
C9: AI.0 | E9: 0~0 | F9: 30840~100 | G9: S21RP1.NIVEL.PVRAW
C10: AI.1 | E10: 0~0 | F10: 30840~100 | G10: S21RP2.NIVEL.PVRAW
C11: AI.2 | E11: 0~0 | F11: 30840~100 | G11: S21RP3.NIVEL.PVRAW
C12: AI.3 | E12: 0~0 | F12: 30840~100 | G12: S21RP4.NIVEL.PVRAW
C13: AI.4 | E13: 0~0 | F13: 30840~100 | G13: S21RP5.NIVEL.PVRAW
C14: AI.5 | E14: 0~0 | F14: 30840~100 | G14: S21RP6.NIVEL.PVRAW
C15: AI.6 | E15: 0~0 | F15: 30840~100
C16: AI.7 | E16: 0~0 | F16: 30840~100
C17: SLOT 01 1794-IE8/B : 08 AI
C18: IO | D18: Local | E18: Min | F18: Max | G18: TAG 's | H18: DESCRIÇÃO
C19: AI.0 | E19: 0~0 | F19: 30840~100
C20: AI.1 | E20: 0~0 | F20: 30840~100
C21: AI.2 | E21: 0~0 | F21: 30840~100 | G21: S32RP6.Nivel.PVRaw
C22: AI.3 | E22: 0~0 | F22: 30840~100 | G22: S32RP5.Nivel.PVRaw
C23: AI.4 | E23: 0~0 | F23: 30840~100 | G23: S21RP19.Nivel.PVRaw
C24: AI.5 | E24: 0~0 | F24: 30840~100 | G24: S21RP20.Nivel.PVRaw
C25: AI.6 | E25: 0~0 | F25: 30840~100 | G25: S21RP21.Nivel.PVRaw
C26: AI.7 | E26: 0~0 | F26: 30840~100 | G26: S32RP4.Nivel.PVRaw
C27: SLOT 02 1794-OE8/A : 12 AO
C28: IO | D28: Local | E28: Min | F28: Max | G28: TAG 's | H28: DESCRIÇÃO
C29: AO.0
C30: AO.1
C31: AO.2
C32: AO.3
C33: AO.4
C34: AO.5
C35: AO.6
C36: AO.7
C37: SLOT 03 1794-IB32/A : 32 DI
C38: IO | D38: Local | E38: Min | F38: Max | G38: TAG 's | H38: DESCRIÇÃO
C39: DI.0 | E39: 0 | F39: 1
C40: DI.1 | E40: 0 | F40: 1
C41: DI.2 | E41: 0 | F41: 1
C42: DI.3 | E42: 0 | F42: 1
C43: DI.4 | E43: 0 | F43: 1
C44: DI.5 | E44: 0 | F44: 1
C45: DI.6 | E45: 0 | F45: 1
C46: DI.7 | E46: 0 | F46: 1
C47: DI.8 | E47: 0 | F47: 1
C48: DI.9 | E48: 0 | F48: 1
C49: DI.10 | E49: 0 | F49: 1
C50: DI.11 | E50: 0 | F50: 1
... C70: DI.31 | E70: 0 | F70: 1
C71: SLOT 04 1794-IB32/A : 32 DI
C72: IO | D72: Local | E72: Min | F72: Max | G72: TAG 's | H72: DESCRIÇÃO
C73: DI.0 | E73: 0 | F73: 1 | G73: MX36RP3.ZsCampo
C74: DI.1 | E74: 0 | F74: 1
C75: DI.2 | E75: 0 | F75: 1
C76: DI.3 | E76: 0 | F76: 1
C77: DI.4 | E77: 0 | F77: 1
C78: DI.5 | E78: 0 | F78: 1
C79: DI.6 | E79: 0 | F79: 1
C80: DI.7 | E80: 0 | F80: 1 | G80: M21DG20.GiroTimeOut
C81: DI.8 | E81: 0 | F81: 1 | G81: M21DG19.GiroTimeOut
C82: DI.9 | E82: 0 | F82: 1 | G82: M21DG21.GiroTimeOut
C83: DI.10 | E83: 0 | F83: 1 | G83: M32DG1.GiroTimeOut
C84: DI.11 | E84: 0 | F84: 1
C85: DI.12 | E85: 0 | F85: 1 | G85: FE45RE1.ZsCampo
C86: DI.13 | E86: 0 | F86: 1
C87: DI.14 | E87: 0 | F87: 1
C88: DI.15 | E88: 0 | F88: 1
C89: DI.16 | E89: 0 | F89: 1
C90: DI.17 | E90: 0 | F90: 1
C91: DI.18 | E91: 0 | F91: 1
C92: DI.19 | E92: 0 | F92: 1
C93: DI.20 | E93: 0 | F93: 1
C94: DI.21 | E94: 0 | F94: 1
C95: DI.22 | E95: 0 | F95: 1
C96: DI.23 | E96: 0 | F96: 1
C97: DI.24 | E97: 0 | F97: 1
... C104: DI.31 | E104: 0 | F104: 1
C105: SLOT 05 1794-IE8/B : 08 AI
C106: IO | D106: Local | E106: Min | F106: Max | G106: TAG 's | H106: DESCRIÇÃO
C107: AI.0 | E107: 0~0 | F107: 30840~100
C108: AI.1 | E108: 0~0 | F108: 30840~100
C109: AI.2 | E109: 0~0 | F109: 30840~100
C110: AI.3 | E110: 0~0 | F110: 30840~100
C111: AI.4 | E111: 0~0 | F111: 30840~100
C112: AI.5 | E112: 0~0 | F112: 30840~100
C113: AI.6 | E113: 0~0 | F113: 30840~100
C114: AI.7 | E114: 0~0 | F114: 30840~100
C115: SLOT 06 1794-OB32P/A : 32 DO
C116: IO | D116: Local | E116: Min | F116: Max | G116: TAG 's | H116: DESCRIÇÃO
C117: DO.0 | E117: 0 | F117: 1
C118: DO.1 | E118: 0 | F118: 1
C119: DO.2 | E119: 0 | F119: 1
C120: DO.3 | E120: 0 | F120: 1
C121: DO.4 | E121: 0 | F121: 1
C122: DO.5 | E122: 0 | F122: 1
C123: DO.6 | E123: 0 | F123: 1
C124: DO.7 | E124: 0 | F124: 1
C125: DO.8 | E125: 0 | F125: 1
C126: DO.9 | E126: 0 | F126: 1
...

Sheet AENT2
C1: Milhão Ingredients Unidade - Rio Verde
C2: CPU CONTROLOGIX 1756-L73 192.100.3.1
C3: LISTA DE IO
G4: RESPONSAVEL TÉCNICO: Tallison Barros;
C6: 1794-AENT AENT2 192.100.3.121
C7: SLOT 00 1794-IB32/A : 32 DI
C8: IO | D8: Local | E8: Min | F8: Max | G8: TAG 's | H8: DESCRIÇÃO
C9: DI.0 | E9: 0 | F9: 1 | G9: M21DG1.GiroTimeOut
C10: DI.1 | E10: 0 | F10: 1 | G10: M21DG2.GiroTimeOut
C11: DI.2 | E11: 0 | F11: 1 | G11: M21DG3.GiroTimeOut
C12: DI.3 | E12: 0 | F12: 1 | G12: M21DG4.GiroTimeOut
C13: DI.4 | E13: 0 | F13: 1 | G13: M21DG5.GiroTimeOut
C14: DI.5 | E14: 0 | F14: 1 | G14: M21DG6.GiroTimeOut
C15: DI.6 | E15: 0 | F15: 1 | G15: M21DG7.GiroTimeOut
C16: DI.7 | E16: 0 | F16: 1 | G16: M21DG8.GiroTimeOut
C17: DI.8 | E17: 0 | F17: 1 | G17: M21DG9.GiroTimeOut
C18: DI.9 | E18: 0 | F18: 1 | G18: M21DG10.GiroTimeOut
C19: DI.10 | E19: 0 | F19: 1 | G19: M21DG11.GiroTimeOut
C20: DI.11 | E20: 0 | F20: 1 | G20: M21DG12.GiroTimeOut
... C26: DI.17 | E26: 0 | F26: 1 | G26: M21DG18.GiroTimeOut
C27: DI.18 | E27: 0 | F27: 1
C28: DI.19 | E28: 0 | F28: 1
C29: DI.20 | E29: 0 | F29: 1
C30: DI.21 | E30: 0 | F30: 1
C31: DI.22 | E31: 0 | F31: 1 | G31: M21VT34.fb
C32: DI.23 | E32: 0 | F32: 1 | G32: M23VT44.fb
C33: DI.24 | E33: 0 | F33: 1 | G33: M23VT49.fb
C34: DI.25 | E34: 0 | F34: 1 | G34: M22VT29.fb
C35: DI.26 | E35: 0 | F35: 1 | G35: M22VT39.fb
C36: DI.27 | E36: 0 | F36: 1 | G36: M21VR34.fb
C37: DI.28 | E37: 0 | F37: 1 | G37: M23VR44.fb
C38: DI.29 | E38: 0 | F38: 1 | G38: M23VR49.fb
C39: DI.30 | E39: 0 | F39: 1 | G39: M22VR29.fb
C40: DI.31 | E40: 0 | F40: 1 | G40: M22VR39.fb
C41: SLOT 01 1794-IB32/A : 32 DI
C42: IO | D42: Local | E42: Min | F42: Max | G42: TAG 's | H42: DESCRIÇÃO
C43: DI.0 | E43: 0 | F43: 1 | G43: M21EX4.fb
C44: DI.1 | E44: 0 | F44: 1 | G44: M23EX6.fb
C45: DI.2 | E45: 0 | F45: 1 | G45: M23EX7.fb
C46: DI.3 | E46: 0 | F46: 1 | G46: M22EX3.fb
C47: DI.4 | E47: 0 | F47: 1 | G47: M22EX5.fb
C48: DI.5 | E48: 0 | F48: 1
C49: DI.6 | E49: 0 | F49: 1
C50: DI.7 | E50: 0 | F50: 1
C51: DI.8 | E51: 0 | F51: 1
C52: DI.9 | E52: 0 | F52: 1
C53: DI.10 | E53: 0 | F53: 1 | G53: SCA2_LH
C54: DI.11 | E54: 0 | F54: 1 | G54: M61VR4.fb
C55: DI.12 | E55: 0 | F55: 1 | G55: M35VT1.fb
C56: DI.13 | E56: 0 | F56: 1 | G56: M35VR1.fb
C57: DI.14 | E57: 0 | F57: 1 | G57: M33VT3.fb
C58: DI.15 | E58: 0 | F58: 1 | G58: M33VR5.fb
C59: DI.16 | E59: 0 | F59: 1
C60: DI.17 | E60: 0 | F60: 1
C61: DI.18 | E61: 0 | F61: 1
C62: DI.19 | E62: 0 | F62: 1
C63: DI.20 | E63: 0 | F63: 1
C64: DI.21 | E64: 0 | F64: 1
C65: DI.22 | E65: 0 | F65: 1 | G65: SCA2_LL
C66: DI.23 | E66: 0 | F66: 1 | G66: M31RC2.fb
C67: DI.24 | E67: 0 | F67: 1 | G67: S33RP2.LH
C68: DI.25 | E68: 0 | F68: 1 | G68: S33RP2.LL
C69: DI.26 | E69: 0 | F69: 1 | G69: WEG_I03.ZsCampo
C70: DI.27 | E70: 0 | F70: 1 | G70: WEG_I04.ZsCampo
C71: DI.28 | E71: 0 | F71: 1 | G71: WEG_I05.ZsCampo
C72: DI.29 | E72: 0 | F72: 1 | G72: SCA1_LH.ZsCampo
C73: DI.30 | E73: 0 | F73: 1 | G73: WEG_I07.ZsCampo
C74: DI.31 | E74: 0 | F74: 1 | G74: WEG_I08.ZsCampo
C75: SLOT 02 1794-IB32/A : 16 DI
C76: IO | D76: Local | E76: Min | F76: Max | G76: TAG 's | H76: DESCRIÇÃO
C77: DI.0 | E77: 0 | F77: 1
C78: DI.1 | E78: 0 | F78: 1 | G78: EmergenciaAlfa
C79: DI.2 | E79: 0 | F79: 1
C80: DI.3 | E80: 0 | F80: 1
C81: DI.4 | E81: 0 | F81: 1
C82: DI.5 | E82: 0 | F82: 1
C83: DI.6 | E83: 0 | F83: 1
C84: DI.7 | E84: 0 | F84: 1
C85: DI.8 | E85: 0 | F85: 1
C86: DI.9 | E86: 0 | F86: 1
C87: DI.10 | E87: 0 | F87: 1
C88: DI.11 | E88: 0 | F88: 1
C89: DI.12 | E89: 0 | F89: 1
C90: DI.13 | E90: 0 | F90: 1
... C92: DI.15 | E92: 0 | F92: 1
C93: SLOT 03 1794-OB32P/A : 32 DO
C94: IO | D94: Local | E94: Min | F94: Max | G94: TAG 's | H94: DESCRIÇÃO
C95: DO.0 | E95: 0 | F95: 1 | G95: M21VT34.saida
C96: DO.1 | E96: 0 | F96: 1 | G96: M23VT44.saida
C97: DO.2 | E97: 0 | F97: 1 | G97: M23VT49.saida
C98: DO.3 | E98: 0 | F98: 1 | G98: M22VT29.saida
C99: DO.4 | E99: 0 | F99: 1 | G99: M22VT39.saida
C100: DO.5 | E100: 0 | F100: 1 | G100: M21VR34.saida
C101: DO.6 | E101: 0 | F101: 1 | G101: M23VR44.saida
C102: DO.7 | E102: 0 | F102: 1 | G102: M23VR49.saida
C103: DO.8 | E103: 0 | F103: 1 | G103: M22VR29.saida
C104: DO.9 | E104: 0 | F104: 1 | G104: M22VR39.saida
C105: DO.10 | E105: 0 | F105: 1 | G105: M21EX4.saida
C106: DO.11 | E106: 0 | F106: 1 | G106: M23EX6.saida
... C109: DO.14 | E109: 0 | F109: 1 | G109: M22EX5.saida
...

Sheet Remota1_CCM
C1: Milhão Ingredients Unidade - Rio Verde
C2: CPU CONTROLOGIX 1756-L73 192.100.3.1
C3: LISTA DE IO
G4: RESPONSAVEL TÉCNICO: Tallison Barros;
C6: 1794-AENT Remota1_CCM 192.100.3.122
C7: SLOT 00 1794-IB32/A : 32 DI
C8: IO | D8: Local | E8: Min | F8: Max | G8: TAG 's | H8: DESCRIÇÃO
C9: DI.0 | E9: 0 | F9: 1
C10: DI.1 | E10: 0 | F10: 1
C11: DI.2 | E11: 0 | F11: 1
C12: DI.3 | E12: 0 | F12: 1 | G12: M36EL3.fb
C13: DI.4 | E13: 0 | F13: 1 | G13: M44PL3.fb
C14: DI.5 | E14: 0 | F14: 1
C15: DI.6 | E15: 0 | F15: 1
C16: DI.7 | E16: 0 | F16: 1
C17: DI.8 | E17: 0 | F17: 1
C18: DI.9 | E18: 0 | F18: 1
C19: DI.10 | E19: 0 | F19: 1
C20: DI.11 | E20: 0 | F20: 1
C21: DI.12 | E21: 0 | F21: 1 | G21: M44PL7.fb
C22: DI.13 | E22: 0 | F22: 1
C23: DI.14 | E23: 0 | F23: 1
C24: DI.15 | E24: 0 | F24: 1 | G24: M44PL1.fb
C25: DI.16 | E25: 0 | F25: 1 | G25: M36EL6.fb
C26: DI.17 | E26: 0 | F26: 1
C27: DI.18 | E27: 0 | F27: 1
C28: DI.19 | E28: 0 | F28: 1
C29: DI.20 | E29: 0 | F29: 1
C30: DI.21 | E30: 0 | F30: 1
C31: DI.22 | E31: 0 | F31: 1
C32: DI.23 | E32: 0 | F32: 1
C33: DI.24 | E33: 0 | F33: 1
C34: DI.25 | E34: 0 | F34: 1
C35: DI.26 | E35: 0 | F35: 1
C36: DI.27 | E36: 0 | F36: 1 | G36: M46VT26.fb
C37: DI.28 | E37: 0 | F37: 1 | G37: RFF_MOA
C38: DI.29 | E38: 0 | F38: 1
C39: DI.30 | E39: 0 | F39: 1
C40: DI.31 | E40: 0 | F40: 1
C41: SLOT 01 1794-IB32/A : 32 DI
C42: IO | D42: Local | E42: Min | F42: Max | G42: TAG 's | H42: DESCRIÇÃO
C43: DI.0 | E43: 0 | F43: 1
C44: DI.1 | E44: 0 | F44: 1
C45: DI.2 | E45: 0 | F45: 1
C46: DI.3 | E46: 0 | F46: 1
C47: DI.4 | E47: 0 | F47: 1
C48: DI.5 | E48: 0 | F48: 1
C49: DI.6 | E49: 0 | F49: 1
C50: DI.7 | E50: 0 | F50: 1
C51: DI.8 | E51: 0 | F51: 1
C52: DI.9 | E52: 0 | F52: 1
C53: DI.10 | E53: 0 | F53: 1
C54: DI.11 | E54: 0 | F54: 1
... C56: DI.13 | E56: 0 | F56: 1
C57: DI.14 | E57: 0 | F57: 1 | G57: M44PL6.fb
C58: DI.15 | E58: 0 | F58: 1 | G58: M27EL3.fb
C59: DI.16 | E59: 0 | F59: 1
C60: DI.17 | E60: 0 | F60: 1
C61: DI.18 | E61: 0 | F61: 1 | G61: M44EL4.fb
C62: DI.19 | E62: 0 | F62: 1
C63: DI.20 | E63: 0 | F63: 1
C64: DI.21 | E64: 0 | F64: 1 | G64: M44PL2.fb
C65: DI.22 | E65: 0 | F65: 1 | G65: M44PL5.fb
C66: DI.23 | E66: 0 | F66: 1
C67: DI.24 | E67: 0 | F67: 1
C68: DI.25 | E68: 0 | F68: 1
C69: DI.26 | E69: 0 | F69: 1
C70: DI.27 | E70: 0 | F70: 1
C71: DI.28 | E71: 0 | F71: 1
C72: DI.29 | E72: 0 | F72: 1
C73: DI.30 | E73: 0 | F73: 1
C74: DI.31 | E74: 0 | F74: 1
C75: SLOT 02 1794-IB32/A : 32 DI
C76: IO | D76: Local | E76: Min | F76: Max | G76: TAG 's | H76: DESCRIÇÃO
C77: DI.0 | E77: 0 | F77: 1 | G77: M44PL4.fb
C78: DI.1 | E78: 0 | F78: 1
C79: DI.2 | E79: 0 | F79: 1
C80: DI.3 | E80: 0 | F80: 1
C81: DI.4 | E81: 0 | F81: 1
C82: DI.5 | E82: 0 | F82: 1
C83: DI.6 | E83: 0 | F83: 1
C84: DI.7 | E84: 0 | F84: 1
C85: DI.8 | E85: 0 | F85: 1
C86: DI.9 | E86: 0 | F86: 1
C87: DI.10 | E87: 0 | F87: 1
C88: DI.11 | E88: 0 | F88: 1
C89: DI.12 | E89: 0 | F89: 1
... C97: DI.20 | E97: 0 | F97: 1
C98: DI.21 | E98: 0 | F98: 1 | G98: M46RC9.fb
C99: DI.22 | E99: 0 | F99: 1
C100: DI.23 | E100: 0 | F100: 1
C101: DI.24 | E101: 0 | F101: 1
C102: DI.25 | E102: 0 | F102: 1 | G102: RFF_GER
C103: DI.26 | E103: 0 | F103: 1
C104: DI.27 | E104: 0 | F104: 1
C105: DI.28 | E105: 0 | F105: 1
C106: DI.29 | E106: 0 | F106: 1
C107: DI.30 | E107: 0 | F107: 1
C108: DI.31 | E108: 0 | F108: 1
C109: SLOT 03 1794-IB32/A : 32 DI
...

Sheet Remota2_CCM
C1: Milhão Ingredients Unidade - Rio Verde
C2: CPU CONTROLOGIX 1756-L73 192.100.3.1
C3: LISTA DE IO
G4: RESPONSAVEL TÉCNICO: Tallison Barros;
C6: 1794-AENT Remota2_CCM 192.100.3.123
C7: SLOT 00 1794-IB32/A : 32 DI
C8: IO | D8: Local | E8: Min | F8: Max | G8: TAG 's | H8: DESCRIÇÃO
C9: DI.0 | E9: 0 | F9: 1
C10: DI.1 | E10: 0 | F10: 1
C11: DI.2 | E11: 0 | F11: 1
C12: DI.3 | E12: 0 | F12: 1
C13: DI.4 | E13: 0 | F13: 1 | G13: M67EL4.fb
C14: DI.5 | E14: 0 | F14: 1
C15: DI.6 | E15: 0 | F15: 1
C16: DI.7 | E16: 0 | F16: 1
C17: DI.8 | E17: 0 | F17: 1
C18: DI.9 | E18: 0 | F18: 1
C19: DI.10 | E19: 0 | F19: 1
C20: DI.11 | E20: 0 | F20: 1
C21: DI.12 | E21: 0 | F21: 1
C22: DI.13 | E22: 0 | F22: 1 | G22: M37EL7.fb
C23: DI.14 | E23: 0 | F23: 1
C24: DI.15 | E24: 0 | F24: 1
C25: DI.16 | E25: 0 | F25: 1 | G25: M26EL1.fb
C26: DI.17 | E26: 0 | F26: 1
C27: DI.18 | E27: 0 | F27: 1
C28: DI.19 | E28: 0 | F28: 1
C29: DI.20 | E29: 0 | F29: 1
C30: DI.21 | E30: 0 | F30: 1
C31: DI.22 | E31: 0 | F31: 1
C32: DI.23 | E32: 0 | F32: 1
C33: DI.24 | E33: 0 | F33: 1
C34: DI.25 | E34: 0 | F34: 1
C35: DI.26 | E35: 0 | F35: 1
C36: DI.27 | E36: 0 | F36: 1
C37: DI.28 | E37: 0 | F37: 1
... C40: DI.31 | E40: 0 | F40: 1
C41: SLOT 01 1794-IB32/A : 32 DI
C42: IO | D42: Local | E42: Min | F42: Max | G42: TAG 's | H42: DESCRIÇÃO
C43: DI.0 | E43: 0 | F43: 1
C44: DI.1 | E44: 0 | F44: 1
C45: DI.2 | E45: 0 | F45: 1
C46: DI.3 | E46: 0 | F46: 1
C47: DI.4 | E47: 0 | F47: 1
C48: DI.5 | E48: 0 | F48: 1
C49: DI.6 | E49: 0 | F49: 1
C50: DI.7 | E50: 0 | F50: 1
C51: DI.8 | E51: 0 | F51: 1 | G51: M24VR55.fb
C52: DI.9 | E52: 0 | F52: 1
C53: DI.10 | E53: 0 | F53: 1
C54: DI.11 | E54: 0 | F54: 1
C55: DI.12 | E55: 0 | F55: 1
C56: DI.13 | E56: 0 | F56: 1
C57: DI.14 | E57: 0 | F57: 1
C58: DI.15 | E58: 0 | F58: 1 | G58: M46VT5.fb
C59: DI.16 | E59: 0 | F59: 1
C60: DI.17 | E60: 0 | F60: 1
C61: DI.18 | E61: 0 | F61: 1
C62: DI.19 | E62: 0 | F62: 1
C63: DI.20 | E63: 0 | F63: 1 | G63: M36EL1.fb
C64: DI.21 | E64: 0 | F64: 1
C65: DI.22 | E65: 0 | F65: 1
C66: DI.23 | E66: 0 | F66: 1
C67: DI.24 | E67: 0 | F67: 1
C68: DI.25 | E68: 0 | F68: 1 | G68: M36AV13.fb
C69: DI.26 | E69: 0 | F69: 1
C70: DI.27 | E70: 0 | F70: 1
C71: DI.28 | E71: 0 | F71: 1
C72: DI.29 | E72: 0 | F72: 1 | G72: M36AV11.fb
C73: DI.30 | E73: 0 | F73: 1
C74: DI.31 | E74: 0 | F74: 1 | G74: M44AV1.fb
C75: SLOT 02 1794-IB32/A : 32 DI
C76: IO | D76: Local | E76: Min | F76: Max | G76: TAG 's | H76: DESCRIÇÃO
C77: DI.0 | E77: 0 | F77: 1
C78: DI.1 | E78: 0 | F78: 1
C79: DI.2 | E79: 0 | F79: 1
C80: DI.3 | E80: 0 | F80: 1 | G80: M44AV2.fb
C81: DI.4 | E81: 0 | F81: 1
C82: DI.5 | E82: 0 | F82: 1
C83: DI.6 | E83: 0 | F83: 1 | G83: M36AV12.fb
C84: DI.7 | E84: 0 | F84: 1 | G84: M44EL3.fb
C85: DI.8 | E85: 0 | F85: 1 | G85: M46EX6.fb
C86: DI.9 | E86: 0 | F86: 1 | G86: M36AV15.fb
C87: DI.10 | E87: 0 | F87: 1
C88: DI.11 | E88: 0 | F88: 1 | G88: M45VR46.fb
C89: DI.12 | E89: 0 | F89: 1
C90: DI.13 | E90: 0 | F90: 1
C91: DI.14 | E91: 0 | F91: 1 | G91: M45EL1.fb
C92: DI.15 | E92: 0 | F92: 1
C93: DI.16 | E93: 0 | F93: 1 | G93: M45VT27.fb
C94: DI.17 | E94: 0 | F94: 1
C95: DI.18 | E95: 0 | F95: 1
C96: DI.19 | E96: 0 | F96: 1
C97: DI.20 | E97: 0 | F97: 1
C98: DI.21 | E98: 0 | F98: 1
C99: DI.22 | E99: 0 | F99: 1
C100: DI.23 | E100: 0 | F100: 1
C101: DI.24 | E101: 0 | F101: 1
C102: DI.25 | E102: 0 | F102: 1
C103: DI.26 | E103: 0 | F103: 1
...

Sheet Remota3_CCM
C1: Milhão Ingredients Unidade - Rio Verde
C2: CPU CONTROLOGIX 1756-L73 192.100.3.1
C3: LISTA DE IO
G4: RESPONSAVEL TÉCNICO: Tallison Barros;
C6: 1794-AENT Remota3_CCM 192.100.3.124
C7: SLOT 00 1794-OB32P/A : 32 DO
C8: IO | D8: Local | E8: Min | F8: Max | G8: TAG 's | H8: DESCRIÇÃO
C9: DO.0 | E9: 0 | F9: 1
C10: DO.1 | E10: 0 | F10: 1
C11: DO.2 | E11: 0 | F11: 1 | G11: ACIONA_SIRENA | H11: Sirenes.Audio_out.0
C12: DO.3 | E12: 0 | F12: 1 | G12: M24VR54.saida
C13: DO.4 | E13: 0 | F13: 1
C14: DO.5 | E14: 0 | F14: 1
C15: DO.6 | E15: 0 | F15: 1
C16: DO.7 | E16: 0 | F16: 1 | G16: M36RC4.saida
C17: DO.8 | E17: 0 | F17: 1 | J17: SLOT 04+G111:G1421794-OB32P/A : 32 DO
C18: DO.9 | E18: 0 | F18: 1 | G18: M35VR2.saida | H18: DUPLICADA SAIDA
C19: DO.10 | E19: 0 | F19: 1 | G19: M35VR2.saida | H19: DUPLICADA SAIDA
C20: DO.11 | E20: 0 | F20: 1
C21: DO.12 | E21: 0 | F21: 1
C22: DO.13 | E22: 0 | F22: 1
C23: DO.14 | E23: 0 | F23: 1
C24: DO.15 | E24: 0 | F24: 1
C25: DO.16 | E25: 0 | F25: 1
C26: DO.17 | E26: 0 | F26: 1
C27: DO.18 | E27: 0 | F27: 1
C28: DO.19 | E28: 0 | F28: 1
C29: DO.20 | E29: 0 | F29: 1
C30: DO.21 | E30: 0 | F30: 1
C31: DO.22 | E31: 0 | F31: 1
... C36: DO.27 | E36: 0 | F36: 1
C37: DO.28 | E37: 0 | F37: 1 | G37: M10vt1.saida
C38: DO.29 | E38: 0 | F38: 1
C39: DO.30 | E39: 0 | F39: 1 | G39: M27VR29.saida
C40: DO.31 | E40: 0 | F40: 1 | G40: M36AV3.saida
C41: SLOT 01 1794-OB32P/A : 32 DO
C42: IO | D42: Local | E42: Min | F42: Max | G42: TAG 's | H42: DESCRIÇÃO
C43: DO.0 | E43: 0 | F43: 1
C44: DO.1 | E44: 0 | F44: 1
C45: DO.2 | E45: 0 | F45: 1 | G45: M36AV9.saida
C46: DO.3 | E46: 0 | F46: 1 | G46: M36AV7.saida
C47: DO.4 | E47: 0 | F47: 1 | G47: M36AV5.saida
C48: DO.5 | E48: 0 | F48: 1
C49: DO.6 | E49: 0 | F49: 1 | G49: M36AV8.saida
C50: DO.7 | E50: 0 | F50: 1 | G50: M36AV6.saida
C51: DO.8 | E51: 0 | F51: 1 | G51: M36AV4.saida
C52: DO.9 | E52: 0 | F52: 1 | G52: M36AV2.saida
C53: DO.10 | E53: 0 | F53: 1
C54: DO.11 | E54: 0 | F54: 1
C55: DO.12 | E55: 0 | F55: 1
C56: DO.13 | E56: 0 | F56: 1
C57: DO.14 | E57: 0 | F57: 1
C58: DO.15 | E58: 0 | F58: 1
C59: DO.16 | E59: 0 | F59: 1
C60: DO.17 | E60: 0 | F60: 1
C61: DO.18 | E61: 0 | F61: 1
C62: DO.19 | E62: 0 | F62: 1
C63: DO.20 | E63: 0 | F63: 1
C64: DO.21 | E64: 0 | F64: 1
... C68: DO.25 | E68: 0 | F68: 1
C69: DO.26 | E69: 0 | F69: 1 | G69: M36AV10.saida
C70: DO.27 | E70: 0 | F70: 1
C71: DO.28 | E71: 0 | F71: 1
C72: DO.29 | E72: 0 | F72: 1 | G72: M46RC8.saida
C73: DO.30 | E73: 0 | F73: 1
C74: DO.31 | E74: 0 | F74: 1
C75: SLOT 02 1794-OB32P/A : 32 DO
C76: IO | D76: Local | E76: Min | F76: Max | G76: TAG 's | H76: DESCRIÇÃO
C77: DO.0 | E77: 0 | F77: 1
C78: DO.1 | E78: 0 | F78: 1
C79: DO.2 | E79: 0 | F79: 1
C80: DO.3 | E80: 0 | F80: 1
C81: DO.4 | E81: 0 | F81: 1
C82: DO.5 | E82: 0 | F82: 1
C83: DO.6 | E83: 0 | F83: 1 | G83: M46EX5.saida
C84: DO.7 | E84: 0 | F84: 1 | G84: M46VR22.saida
C85: DO.8 | E85: 0 | F85: 1
C86: DO.9 | E86: 0 | F86: 1
C87: DO.10 | E87: 0 | F87: 1
C88: DO.11 | E88: 0 | F88: 1
C89: DO.12 | E89: 0 | F89: 1
C90: DO.13 | E90: 0 | F90: 1
C91: DO.14 | E91: 0 | F91: 1
C92: DO.15 | E92: 0 | F92: 1
C93: DO.16 | E93: 0 | F93: 1
C94: DO.17 | E94: 0 | F94: 1
C95: DO.18 | E95: 0 | F95: 1
C96: DO.19 | E96: 0 | F96: 1
... C103: DO.26 | E103: 0 | F103: 1
C104: DO.27 | E104: 0 | F104: 1 | G104: M63RC4.saida
C105: DO.28 | E105: 0 | F105: 1 | G105: M36RC1.saida
C106: DO.29 | E106: 0 | F106: 1 | G106: M36RC3.saida
C107: DO.30 | E107: 0 | F107: 1
C108: DO.31 | E108: 0 | F108: 1
C109: SLOT 03 1794-OB32P/A : 32 DO
C110: IO | D110: Local | E110: Min | F110: Max | G110: TAG 's | H110: DESCRIÇÃO
C111: DO.0 | E111: 0 | F111: 1
C112: DO.1 | E112: 0 | F112: 1
C113: DO.2 | E113: 0 | F113: 1
C114: DO.3 | E114: 0 | F114: 1
...

Sheet Rem1
C1: Milhão Ingredients Unidade - Rio Verde
C2: CPU CONTROLOGIX 1756-L73 192.100.3.1
C3: LISTA DE IO
G4: RESPONSAVEL TÉCNICO: Tallison Barros;
C6: 1734-AENTR/c Rem1 192.100.3.160
C7: SLOT 01 1734-IB8/C : 08 DI
C8: IO | D8: Local | E8: Min | F8: Max | G8: TAG 's | H8: DESCRIÇÃO
C9: DI.0 | E9: 0 | F9: 1
C10: DI.1 | E10: 0 | F10: 1
C11: DI.2 | E11: 0 | F11: 1
C12: DI.3 | E12: 0 | F12: 1
C13: DI.4 | E13: 0 | F13: 1 | G13: MX40VR40.ZsCampo
C14: DI.5 | E14: 0 | F14: 1 | G14: MX40VR39.ZsCampo
C15: DI.6 | E15: 0 | F15: 1 | G15: MX40VR38.ZsCampo
C16: DI.7 | E16: 0 | F16: 1 | G16: MX40VR37.ZsCampo
C17: SLOT 02 1734-IB8/C : 08 DI
C18: IO | D18: Local | E18: Min | F18: Max | G18: TAG 's | H18: DESCRIÇÃO
C19: DI.0 | E19: 0 | F19: 1 | G19: MX40VR36.ZsCampo
C20: DI.1 | E20: 0 | F20: 1 | G20: MX40VR35.ZsCampo
C21: DI.2 | E21: 0 | F21: 1 | G21: MX40VR34.ZsCampo
C22: DI.3 | E22: 0 | F22: 1 | G22: MX40VR33.ZsCampo
C23: DI.4 | E23: 0 | F23: 1 | G23: MX40VR32.ZsCampo
C24: DI.5 | E24: 0 | F24: 1 | G24: MX40VR31.ZsCampo
C25: DI.6 | E25: 0 | F25: 1 | G25: MX40VR30.ZsCampo
C26: DI.7 | E26: 0 | F26: 1 | G26: MX40VR29.ZsCampo
C27: SLOT 03 1734-IB8/C : 08 DI
C28: IO | D28: Local | E28: Min | F28: Max | G28: TAG 's | H28: DESCRIÇÃO
C29: DI.0 | E29: 0 | F29: 1 | G29: MX40VR28.ZsCampo
C30: DI.1 | E30: 0 | F30: 1 | G30: MX40VR27.ZsCampo
C31: DI.2 | E31: 0 | F31: 1 | G31: MX40VR26.ZsCampo
C32: DI.3 | E32: 0 | F32: 1 | G32: MX40VR25.ZsCampo
C33: DI.4 | E33: 0 | F33: 1 | G33: MX40VR24.ZsCampo
C34: DI.5 | E34: 0 | F34: 1 | G34: V40GP6.fb_direita
C35: DI.6 | E35: 0 | F35: 1 | G35: V40GP6.fb_esquerda
C36: DI.7 | E36: 0 | F36: 1 | G36: V40GP5.fb_direita
C37: SLOT 04 1734-IB8/C : 08 DI
C38: IO | D38: Local | E38: Min | F38: Max | G38: TAG 's | H38: DESCRIÇÃO
C39: DI.0 | E39: 0 | F39: 1 | G39: V40GP5.fb_esquerda
C40: DI.1 | E40: 0 | F40: 1 | G40: V40GP4.fb_direita
C41: DI.2 | E41: 0 | F41: 1 | G41: V40GP4.fb_esquerda
C42: DI.3 | E42: 0 | F42: 1 | G42: V40GP3.fb_direita
C43: DI.4 | E43: 0 | F43: 1 | G43: V40GP3.fb_esquerda
C44: DI.5 | E44: 0 | F44: 1
C45: DI.6 | E45: 0 | F45: 1
C46: DI.7 | E46: 0 | F46: 1
C47: SLOT 05 1734-IB8/C : 08 DI
C48: IO | D48: Local | E48: Min | F48: Max | G48: TAG 's | H48: DESCRIÇÃO
C49: DI.0 | E49: 0 | F49: 1
C50: DI.1 | E50: 0 | F50: 1
C51: DI.2 | E51: 0 | F51: 1
C52: DI.3 | E52: 0 | F52: 1
C53: DI.4 | E53: 0 | F53: 1
C54: DI.5 | E54: 0 | F54: 1 | G54: MX45TP40.ZsCampo
C55: DI.6 | E55: 0 | F55: 1 | G55: MX45TP41.ZsCampo
C56: DI.7 | E56: 0 | F56: 1 | G56: MX41FHA1.ZsCampo
C57: SLOT 06 1734-IB8/C : 08 DI
C58: IO | D58: Local | E58: Min | F58: Max | G58: TAG 's | H58: DESCRIÇÃO
C59: DI.0 | E59: 0 | F59: 1 | G59: MX41FHA2.ZsCampo
C60: DI.1 | E60: 0 | F60: 1 | G60: MX41FHA3.ZsCampo
C61: DI.2 | E61: 0 | F61: 1 | G61: MX40RC7.ZsCampo
C62: DI.3 | E62: 0 | F62: 1 | G62: EM40RC6
C63: DI.4 | E63: 0 | F63: 1 | G63: M47EL2_HZ
C64: DI.5 | E64: 0 | F64: 1 | G64: M37EL4_HZ2
C65: DI.6 | E65: 0 | F65: 1 | G65: EM40RC5
C66: DI.7 | E66: 0 | F66: 1 | G66: EM40RC2
C67: SLOT 07 1734-IB8/C : 08 DI
C68: IO | D68: Local | E68: Min | F68: Max | G68: TAG 's | H68: DESCRIÇÃO
C69: DI.0 | E69: 0 | F69: 1 | G69: EM40RC1
C70: DI.1 | E70: 0 | F70: 1 | G70: FE60EL2
C71: DI.2 | E71: 0 | F71: 1 | G71: SK40RC7
C72: DI.3 | E72: 0 | F72: 1 | G72: SK40RC6
C73: DI.4 | E73: 0 | F73: 1 | G73: SK40RC5
C74: DI.5 | E74: 0 | F74: 1 | G74: SK40RC2
C75: DI.6 | E75: 0 | F75: 1 | G75: SK40RC1
C76: DI.7 | E76: 0 | F76: 1 | G76: MN104.ZsCampo
C77: SLOT 08 1734-IB8/C : 08 DI
C78: IO | D78: Local | E78: Min | F78: Max | G78: TAG 's | H78: DESCRIÇÃO
C79: DI.0 | E79: 0 | F79: 1 | G79: MN103.ZsCampo
C80: DI.1 | E80: 0 | F80: 1 | G80: MN102.ZsCampo
C81: DI.2 | E81: 0 | F81: 1 | G81: MN101.ZsCampo
C82: DI.3 | E82: 0 | F82: 1 | G82: SDDI47EL2
C83: DI.4 | E83: 0 | F83: 1 | G83: SDEI47EL2
C84: DI.5 | E84: 0 | F84: 1 | G84: SDDS47EL2
C85: DI.6 | E85: 0 | F85: 1 | G85: SDES47EL2
C86: DI.7 | E86: 0 | F86: 1 | G86: V47VP23.fb_direita
C87: SLOT 09 1734-IB8/C : 08 DI
C88: IO | D88: Local | E88: Min | F88: Max | G88: TAG 's | H88: DESCRIÇÃO
C89: DI.0 | E89: 0 | F89: 1 | G89: V47VP23.fb_esquerda
C90: DI.1 | E90: 0 | F90: 1 | G90: MX402E.ZsCampo
C91: DI.2 | E91: 0 | F91: 1 | G91: MX401E.ZsCampo
C92: DI.3 | E92: 0 | F92: 1
C93: DI.4 | E93: 0 | F93: 1
C94: DI.5 | E94: 0 | F94: 1
C95: DI.6 | E95: 0 | F95: 1 | G95: MN405E.ZsCampo
C96: DI.7 | E96: 0 | F96: 1 | G96: MN404E.ZsCampo
C97: SLOT 10 1734-IB8/C : 08 DI
C98: IO | D98: Local | E98: Min | F98: Max | G98: TAG 's | H98: DESCRIÇÃO
C99: DI.0 | E99: 0 | F99: 1 | G99: MN403E.ZsCampo
C100: DI.1 | E100: 0 | F100: 1 | G100: MN402E.ZsCampo
C101: DI.2 | E101: 0 | F101: 1 | G101: MN401E.ZsCampo
...

Sheet Rem2
C1: Milhão Ingredients Unidade - Rio Verde
C2: CPU CONTROLOGIX 1756-L73 192.100.3.1
C3: LISTA DE IO
G4: RESPONSAVEL TÉCNICO: Tallison Barros;
C6: 1734-AENTR/c Rem2 192.100.3.161
C7: SLOT 01 1734-IB8/C : 08 DI
C8: IO | D8: Local | E8: Min | F8: Max | G8: TAG 's | H8: DESCRIÇÃO
C9: DI.0 | E9: 0 | F9: 1 | G9: FE42RE1
C10: DI.1 | E10: 0 | F10: 1 | G10: MX24VR54.ZsCampo
C11: DI.2 | E11: 0 | F11: 1 | G11: FE42RE3
C12: DI.3 | E12: 0 | F12: 1 | G12: FE42RE4
C13: DI.4 | E13: 0 | F13: 1 | G13: MX24VR55.ZsCampo
C14: DI.5 | E14: 0 | F14: 1 | G14: FE42RE9
C15: DI.6 | E15: 0 | F15: 1 | G15: FE43RC1
C16: DI.7 | E16: 0 | F16: 1 | G16: FE43RC2
C17: SLOT 02 1734-IB8/C : 08 DI
C18: IO | D18: Local | E18: Min | F18: Max | G18: TAG 's | H18: DESCRIÇÃO
C19: DI.0 | E19: 0 | F19: 1 | G19: FE43RE8
C20: DI.1 | E20: 0 | F20: 1 | G20: FE63RC4
C21: DI.2 | E21: 0 | F21: 1 | G21: MX401I.ZsCampo
C22: DI.3 | E22: 0 | F22: 1 | G22: MX402I.ZsCampo
C23: DI.4 | E23: 0 | F23: 1 | G23: MX403I.ZsCampo
C24: DI.5 | E24: 0 | F24: 1 | G24: MX404I.ZsCampo
C25: DI.6 | E25: 0 | F25: 1 | G25: MX405I.ZsCampo
C26: DI.7 | E26: 0 | F26: 1 | G26: MX406I.ZsCampo
C27: SLOT 03 1734-IB8/C : 08 DI
C28: IO | D28: Local | E28: Min | F28: Max | G28: TAG 's | H28: DESCRIÇÃO
C29: DI.0 | E29: 0 | F29: 1 | G29: MX407I.ZsCampo
C30: DI.1 | E30: 0 | F30: 1 | G30: MX408I.ZsCampo
C31: DI.2 | E31: 0 | F31: 1 | G31: MX409I.ZsCampo
C32: DI.3 | E32: 0 | F32: 1 | G32: MX410I.ZsCampo
C33: DI.4 | E33: 0 | F33: 1 | G33: MX411I.ZsCampo
C34: DI.5 | E34: 0 | F34: 1 | G34: MX412I.ZsCampo
C35: DI.6 | E35: 0 | F35: 1 | G35: MN42MG1.ZsCampo
C36: DI.7 | E36: 0 | F36: 1 | G36: MN42MG2.ZsCampo
C37: SLOT 04 1734-IB8/C : 08 DI
C38: IO | D38: Local | E38: Min | F38: Max | G38: TAG 's | H38: DESCRIÇÃO
C39: DI.0 | E39: 0 | F39: 1
C40: DI.1 | E40: 0 | F40: 1 | G40: MN42MD2.ZsCampo
C41: DI.2 | E41: 0 | F41: 1 | G41: MX42MD3.ZsCampo
C42: DI.3 | E42: 0 | F42: 1 | G42: MN42MD4.ZsCampo
C43: DI.4 | E43: 0 | F43: 1 | G43: MX42MD5.ZsCampo
C44: DI.5 | E44: 0 | F44: 1 | G44: MN42MD6.ZsCampo
C45: DI.6 | E45: 0 | F45: 1
C46: DI.7 | E46: 0 | F46: 1
C47: SLOT 05 1734-IB8/C : 08 DI
C48: IO | D48: Local | E48: Min | F48: Max | G48: TAG 's | H48: DESCRIÇÃO
C49: DI.0 | E49: 0 | F49: 1 | G49: MX42MD9.ZsCampo
C50: DI.1 | E50: 0 | F50: 1 | G50: MN42MD10.ZsCampo
C51: DI.2 | E51: 0 | F51: 1 | G51: MX23VR10.ZsCampo
C52: DI.3 | E52: 0 | F52: 1 | G52: MX23VR11.ZsCampo
C53: DI.4 | E53: 0 | F53: 1 | G53: MX23VR12.ZsCampo
C54: DI.5 | E54: 0 | F54: 1 | G54: MX23VR7.ZsCampo
C55: DI.6 | E55: 0 | F55: 1 | G55: MX23VR8.ZsCampo
C56: DI.7 | E56: 0 | F56: 1 | G56: MX23VR9.ZsCampo
C57: SLOT 06 1734-IB8/C : 08 DI
C58: IO | D58: Local | E58: Min | F58: Max | G58: TAG 's | H58: DESCRIÇÃO
C59: DI.0 | E59: 0 | F59: 1 | G59: MX33VR10.ZsCampo
C60: DI.1 | E60: 0 | F60: 1 | G60: MX33VR9.ZsCampo
C61: DI.2 | E61: 0 | F61: 1 | G61: MX43BF1.ZsCampo
C62: DI.3 | E62: 0 | F62: 1 | G62: MX43BF2.ZsCampo
C63: DI.4 | E63: 0 | F63: 1 | G63: MX43VR43.ZsCampo
C64: DI.5 | E64: 0 | F64: 1 | G64: MX43VR44.ZsCampo
C65: DI.6 | E65: 0 | F65: 1 | G65: MX63VR2.ZsCampo
C66: DI.7 | E66: 0 | F66: 1 | G66: MX33RP2.ZsCampo
C67: SLOT 07 1734-IB8/C : 08 DI
C68: IO | D68: Local | E68: Min | F68: Max | G68: TAG 's | H68: DESCRIÇÃO
C69: DI.0 | E69: 0 | F69: 1 | G69: MN33RP2.ZsCampo
C70: DI.1 | E70: 0 | F70: 1 | G70: M23RN10.GiroTimeOut
C71: DI.2 | E71: 0 | F71: 1 | G71: M23RN11.GiroTimeOut
C72: DI.3 | E72: 0 | F72: 1 | G72: M23RN12.GiroTimeOut
C73: DI.4 | E73: 0 | F73: 1 | G73: M23RN7.GiroTimeOut
C74: DI.5 | E74: 0 | F74: 1 | G74: M23RN8.GiroTimeOut
C75: DI.6 | E75: 0 | F75: 1 | G75: M23RN9.GiroTimeOut
C76: DI.7 | E76: 0 | F76: 1 | G76: SK33RN2
C77: SLOT 08 1734-IB8/C : 08 DI
C78: IO | D78: Local | E78: Min | F78: Max | G78: TAG 's | H78: DESCRIÇÃO
C79: DI.0 | E79: 0 | F79: 1 | G79: SK33RN3
C80: DI.1 | E80: 0 | F80: 1
C81: DI.2 | E81: 0 | F81: 1 | G81: M42RE2.GiroTimeOut
C82: DI.3 | E82: 0 | F82: 1 | G82: M42RE3.GiroTimeOut
C83: DI.4 | E83: 0 | F83: 1 | G83: M42RE4.GiroTimeOut
C84: DI.5 | E84: 0 | F84: 1 | G84: M42RE5.GiroTimeOut
C85: DI.6 | E85: 0 | F85: 1 | G85: FE43RC3.ZsCampo
C86: DI.7 | E86: 0 | F86: 1 | G86: SK43RC1
C87: SLOT 09 1734-IB8/C : 08 DI
C88: IO | D88: Local | E88: Min | F88: Max | G88: TAG 's | H88: DESCRIÇÃO
C89: DI.0 | E89: 0 | F89: 1 | G89: SK43RC2
C90: DI.1 | E90: 0 | F90: 1 | G90: M43RE8.GiroTimeOut
C91: DI.2 | E91: 0 | F91: 1 | G91: V43VP26.fb_direita
C92: DI.3 | E92: 0 | F92: 1 | G92: V43VP26.fb_esquerda
C93: DI.4 | E93: 0 | F93: 1 | G93: V43VP32.fb_direita
C94: DI.5 | E94: 0 | F94: 1 | G94: V43VP32.fb_esquerda
C95: DI.6 | E95: 0 | F95: 1 | G95: V43VP33.fb_direita
C96: DI.7 | E96: 0 | F96: 1 | G96: V43VP33.fb_esquerda
C97: SLOT 10 1734-IB8/C : 08 DI
C98: IO | D98: Local | E98: Min | F98: Max | G98: TAG 's | H98: DESCRIÇÃO
C99: DI.0 | E99: 0 | F99: 1 | G99: V43VP34.fb_direita
C100: DI.1 | E100: 0 | F100: 1 | G100: V43VP34.fb_esquerda
C101: DI.2 | E101: 0 | F101: 1 | G101: V43VP35.fb_direita
...

Sheet Rem3
C1: Milhão Ingredients Unidade - Rio Verde
C2: CPU CONTROLOGIX 1756-L73 192.100.3.1
C3: LISTA DE IO
G4: RESPONSAVEL TÉCNICO: Tallison Barros;
C6: 1734-AENTR/c Rem3 192.100.3.162
C7: SLOT 01 1734-IB8/C : 08 DI
C8: IO | D8: Local | E8: Min | F8: Max | G8: TAG 's | H8: DESCRIÇÃO
C9: DI.0 | E9: 0 | F9: 1 | G9: MX44VR21.ZsCampo
C10: DI.1 | E10: 0 | F10: 1 | G10: V34VP9.fb_direita
C11: DI.2 | E11: 0 | F11: 1 | G11: V34VP9.fb_esquerda
C12: DI.3 | E12: 0 | F12: 1 | G12: V34VP8.fb_direita
C13: DI.4 | E13: 0 | F13: 1 | G13: V34VP8.fb_esquerda
C14: DI.5 | E14: 0 | F14: 1 | G14: V34VP70.fb_direita
C15: DI.6 | E15: 0 | F15: 1 | G15: V34VP70.fb_esquerda
C16: DI.7 | E16: 0 | F16: 1 | G16: V34VP7.fb_direita
C17: SLOT 02 1734-IB8/C : 08 DI
C18: IO | D18: Local | E18: Min | F18: Max | G18: TAG 's | H18: DESCRIÇÃO
C19: DI.0 | E19: 0 | F19: 1 | G19: V34VP7.fb_esquerda
C20: DI.1 | E20: 0 | F20: 1 | G20: V34VP69.fb_direita
C21: DI.2 | E21: 0 | F21: 1 | G21: V34VP69.fb_esquerda
C22: DI.3 | E22: 0 | F22: 1 | G22: V34VP68.fb_direita
C23: DI.4 | E23: 0 | F23: 1 | G23: V34VP68.fb_esquerda
C24: DI.5 | E24: 0 | F24: 1 | G24: V34VP67.fb_direita
C25: DI.6 | E25: 0 | F25: 1 | G25: V34VP67.fb_esquerda
C26: DI.7 | E26: 0 | F26: 1 | G26: V34VP66.fb_direita
C27: SLOT 03 1734-IB8/C : 08 DI
C28: IO | D28: Local | E28: Min | F28: Max | G28: TAG 's | H28: DESCRIÇÃO
C29: DI.0 | E29: 0 | F29: 1 | G29: V34VP66.fb_esquerda
C30: DI.1 | E30: 0 | F30: 1 | G30: V34VP65.fb_direita
C31: DI.2 | E31: 0 | F31: 1 | G31: V34VP65.fb_esquerda
C32: DI.3 | E32: 0 | F32: 1 | G32: V34VP64.fb_direita
C33: DI.4 | E33: 0 | F33: 1 | G33: V34VP64.fb_esquerda
C34: DI.5 | E34: 0 | F34: 1 | G34: V34VP63.fb_direita
C35: DI.6 | E35: 0 | F35: 1 | G35: V34VP63.fb_esquerda
C36: DI.7 | E36: 0 | F36: 1 | G36: V34VP62.fb_direita
C37: SLOT 04 1734-IB8/C : 08 DI
C38: IO | D38: Local | E38: Min | F38: Max | G38: TAG 's | H38: DESCRIÇÃO
C39: DI.0 | E39: 0 | F39: 1 | G39: V34VP62.fb_esquerda
C40: DI.1 | E40: 0 | F40: 1 | G40: V34VP61.fb_direita
C41: DI.2 | E41: 0 | F41: 1 | G41: V34VP61.fb_esquerda
C42: DI.3 | E42: 0 | F42: 1 | G42: V34VP60.fb_direita
C43: DI.4 | E43: 0 | F43: 1 | G43: V34VP60.fb_esquerda
C44: DI.5 | E44: 0 | F44: 1 | G44: V34VP6.fb_direita
C45: DI.6 | E45: 0 | F45: 1 | G45: V34VP6.fb_esquerda
C46: DI.7 | E46: 0 | F46: 1 | G46: V34VP59.fb_direita
C47: SLOT 05 1734-IB8/C : 08 DI
C48: IO | D48: Local | E48: Min | F48: Max | G48: TAG 's | H48: DESCRIÇÃO
C49: DI.0 | E49: 0 | F49: 1 | G49: V34VP59.fb_esquerda
C50: DI.1 | E50: 0 | F50: 1 | G50: V34VP58.fb_direita
C51: DI.2 | E51: 0 | F51: 1 | G51: V34VP58.fb_esquerda
C52: DI.3 | E52: 0 | F52: 1 | G52: V34VP80.fb_direita
C53: DI.4 | E53: 0 | F53: 1 | G53: V34VP80.fb_esquerda
C54: DI.5 | E54: 0 | F54: 1 | G54: V34VP79.fb_direita
C55: DI.6 | E55: 0 | F55: 1 | G55: V34VP79.fb_esquerda
C56: DI.7 | E56: 0 | F56: 1 | G56: V34VP55.fb_direita
C57: SLOT 06 1734-IB8/C : 08 DI
C58: IO | D58: Local | E58: Min | F58: Max | G58: TAG 's | H58: DESCRIÇÃO
C59: DI.0 | E59: 0 | F59: 1 | G59: V34VP55.fb_esquerda
C60: DI.1 | E60: 0 | F60: 1 | G60: V34VP54.fb_direita
C61: DI.2 | E61: 0 | F61: 1 | G61: V34VP54.fb_esquerda
C62: DI.3 | E62: 0 | F62: 1 | G62: V34VP53.fb_direita
C63: DI.4 | E63: 0 | F63: 1 | G63: V34VP53.fb_esquerda
C64: DI.5 | E64: 0 | F64: 1 | G64: V34VP52.fb_direita
C65: DI.6 | E65: 0 | F65: 1 | G65: V34VP52.fb_esquerda
C66: DI.7 | E66: 0 | F66: 1 | G66: V34VP51.fb_direita
C67: SLOT 07 1734-IB8/C : 08 DI
C68: IO | D68: Local | E68: Min | F68: Max | G68: TAG 's | H68: DESCRIÇÃO
C69: DI.0 | E69: 0 | F69: 1 | G69: V34VP51.fb_esquerda
C70: DI.1 | E70: 0 | F70: 1 | G70: V34VP50.fb_direita
C71: DI.2 | E71: 0 | F71: 1 | G71: V34VP50.fb_esquerda
C72: DI.3 | E72: 0 | F72: 1 | G72: V34VP5.fb_direita
C73: DI.4 | E73: 0 | F73: 1 | G73: V34VP5.fb_esquerda
C74: DI.5 | E74: 0 | F74: 1 | G74: V34VP49.fb_direita
C75: DI.6 | E75: 0 | F75: 1 | G75: V34VP49.fb_esquerda
C76: DI.7 | E76: 0 | F76: 1 | G76: V34VP48.fb_direita
C77: SLOT 08 1734-IB8/C : 08 DI
C78: IO | D78: Local | E78: Min | F78: Max | G78: TAG 's | H78: DESCRIÇÃO
C79: DI.0 | E79: 0 | F79: 1 | G79: V34VP48.fb_esquerda
C80: DI.1 | E80: 0 | F80: 1 | G80: V34VP47.fb_direita
C81: DI.2 | E81: 0 | F81: 1 | G81: V34VP47.fb_esquerda
C82: DI.3 | E82: 0 | F82: 1 | G82: V34VP81.fb_esquerda
C83: DI.4 | E83: 0 | F83: 1 | G83: V34VP81.fb_direita
C84: DI.5 | E84: 0 | F84: 1 | G84: V34VP82.fb_esquerda
C85: DI.6 | E85: 0 | F85: 1 | G85: V34VP82.fb_direita
C86: DI.7 | E86: 0 | F86: 1 | G86: V34VP44.fb_direita
C87: SLOT 09 1734-IB8/C : 08 DI
C88: IO | D88: Local | E88: Min | F88: Max | G88: TAG 's | H88: DESCRIÇÃO
C89: DI.0 | E89: 0 | F89: 1 | G89: V34VP44.fb_esquerda
C90: DI.1 | E90: 0 | F90: 1 | G90: V34VP43.fb_direita
C91: DI.2 | E91: 0 | F91: 1 | G91: V34VP43.fb_esquerda
C92: DI.3 | E92: 0 | F92: 1 | G92: V34VP42.fb_direita
C93: DI.4 | E93: 0 | F93: 1 | G93: V34VP42.fb_esquerda
C94: DI.5 | E94: 0 | F94: 1 | G94: V34VP41.fb_direita
C95: DI.6 | E95: 0 | F95: 1 | G95: V34VP41.fb_esquerda
C96: DI.7 | E96: 0 | F96: 1 | G96: V34VP40.fb_direita
C97: SLOT 10 1734-IB8/C : 08 DI
C98: IO | D98: Local | E98: Min | F98: Max | G98: TAG 's | H98: DESCRIÇÃO
C99: DI.0 | E99: 0 | F99: 1 | G99: V34VP40.fb_esquerda
C100: DI.1 | E100: 0 | F100: 1 | G100: V34VP4.fb_direita
C101: DI.2 | E101: 0 | F101: 1 | G101: V34VP4.fb_esquerda
...

Sheet Rem4
C1: Milhão Ingredients Unidade - Rio Verde
C2: CPU CONTROLOGIX 1756-L73 192.100.3.1
C3: LISTA DE IO
G4: RESPONSAVEL TÉCNICO: Tallison Barros;
C6: 1734-AENTR/c Rem4 192.100.3.163
C7: SLOT 01 1734-IB8/C : 08 DI
C8: IO | D8: Local | E8: Min | F8: Max | G8: TAG 's | H8: DESCRIÇÃO
C9: DI.0 | E9: 0 | F9: 1 | G9: MX45VR42.ZsCampo
C10: DI.1 | E10: 0 | F10: 1 | G10: V45VP9.fb_direita
C11: DI.2 | E11: 0 | F11: 1 | G11: V45VP9.fb_esquerda
C12: DI.3 | E12: 0 | F12: 1 | G12: V45VP8.fb_direita
C13: DI.4 | E13: 0 | F13: 1 | G13: V45VP8.fb_esquerda
C14: DI.5 | E14: 0 | F14: 1 | G14: V45VP7.fb_direita
C15: DI.6 | E15: 0 | F15: 1 | G15: V45VP7.fb_esquerda
C16: DI.7 | E16: 0 | F16: 1 | G16: V45VP6.fb_direita
C17: SLOT 02 1734-IB8/C : 08 DI
C18: IO | D18: Local | E18: Min | F18: Max | G18: TAG 's | H18: DESCRIÇÃO
C19: DI.0 | E19: 0 | F19: 1 | G19: V45VP6.fb_esquerda
C20: DI.1 | E20: 0 | F20: 1 | G20: V45VP5.fb_direita
C21: DI.2 | E21: 0 | F21: 1 | G21: V45VP5.fb_esquerda
C22: DI.3 | E22: 0 | F22: 1 | G22: V45VP4.fb_direita
C23: DI.4 | E23: 0 | F23: 1 | G23: V45VP4.fb_esquerda
C24: DI.5 | E24: 0 | F24: 1 | G24: V45VP3.fb_direita
C25: DI.6 | E25: 0 | F25: 1 | G25: V45VP3.fb_esquerda
C26: DI.7 | E26: 0 | F26: 1 | G26: V45VP2.fb_direita
C27: SLOT 03 1734-IB8/C : 08 DI
C28: IO | D28: Local | E28: Min | F28: Max | G28: TAG 's | H28: DESCRIÇÃO
C29: DI.0 | E29: 0 | F29: 1 | G29: V45VP2.fb_esquerda
C30: DI.1 | E30: 0 | F30: 1 | G30: V45VP1.fb_direita
C31: DI.2 | E31: 0 | F31: 1 | G31: V45VP1.fb_esquerda
C32: DI.3 | E32: 0 | F32: 1 | G32: V45VP16.fb_direita
C33: DI.4 | E33: 0 | F33: 1 | G33: V45VP16.fb_esquerda
C34: DI.5 | E34: 0 | F34: 1 | G34: V45VP15.fb_direita
C35: DI.6 | E35: 0 | F35: 1 | G35: V45VP15.fb_esquerda
C36: DI.7 | E36: 0 | F36: 1 | G36: V45VP14.fb_direita
C37: SLOT 04 1734-IB8/C : 08 DI
C38: IO | D38: Local | E38: Min | F38: Max | G38: TAG 's | H38: DESCRIÇÃO
C39: DI.0 | E39: 0 | F39: 1 | G39: V45VP14.fb_esquerda
C40: DI.1 | E40: 0 | F40: 1 | G40: V45VP13.fb_direita
C41: DI.2 | E41: 0 | F41: 1 | G41: V45VP13.fb_esquerda
C42: DI.3 | E42: 0 | F42: 1 | G42: V45VP12.fb_direita
C43: DI.4 | E43: 0 | F43: 1 | G43: V45VP12.fb_esquerda
C44: DI.5 | E44: 0 | F44: 1 | G44: V45VP11.fb_direita
C45: DI.6 | E45: 0 | F45: 1 | G45: V45VP11.fb_esquerda
C46: DI.7 | E46: 0 | F46: 1 | G46: V45VP10.fb_direita
C47: SLOT 05 1734-IB8/C : 08 DI
C48: IO | D48: Local | E48: Min | F48: Max | G48: TAG 's | H48: DESCRIÇÃO
C49: DI.0 | E49: 0 | F49: 1 | G49: V45VP10.fb_esquerda
C50: DI.1 | E50: 0 | F50: 1 | G50: V45VP18.fb_direita
C51: DI.2 | E51: 0 | F51: 1 | G51: V45VP18.fb_esquerda
C52: DI.3 | E52: 0 | F52: 1 | G52: V45VP17.fb_direita
C53: DI.4 | E53: 0 | F53: 1 | G53: V45VP17.fb_esquerda
C54: DI.5 | E54: 0 | F54: 1 | G54: MX45TP41.ZsCampo
C55: DI.6 | E55: 0 | F55: 1 | G55: MX45TP40.ZsCampo
C56: DI.7 | E56: 0 | F56: 1
C57: SLOT 06 1734-IB8/C : 08 DI
C58: IO | D58: Local | E58: Min | F58: Max | G58: TAG 's | H58: DESCRIÇÃO
C59: DI.0 | E59: 0 | F59: 1
C60: DI.1 | E60: 0 | F60: 1 | G60: MX15RP1.ZsCampo
C61: DI.2 | E61: 0 | F61: 1 | G61: MN45RP13.ZsCampo
C62: DI.3 | E62: 0 | F62: 1 | G62: MX45RP13.ZsCampo
C63: DI.4 | E63: 0 | F63: 1 | G63: MN45RP11.ZsCampo
C64: DI.5 | E64: 0 | F64: 1 | G64: MX45RP11.ZsCampo
C65: DI.6 | E65: 0 | F65: 1 | G65: MN45RP8.ZsCampo
C66: DI.7 | E66: 0 | F66: 1 | G66: MX45RP8.ZsCampo
C67: SLOT 07 1734-IB8/C : 08 DI
C68: IO | D68: Local | E68: Min | F68: Max | G68: TAG 's | H68: DESCRIÇÃO
C69: DI.0 | E69: 0 | F69: 1 | G69: MN45RP6.ZsCampo
C70: DI.1 | E70: 0 | F70: 1 | G70: MX45RP6.ZsCampo
C71: DI.2 | E71: 0 | F71: 1 | G71: MN45RP4.ZsCampo
C72: DI.3 | E72: 0 | F72: 1 | G72: MX45RP4.ZsCampo
C73: DI.4 | E73: 0 | F73: 1 | G73: MN45RP2.ZsCampo
C74: DI.5 | E74: 0 | F74: 1 | G74: MX45RP2.ZsCampo
C75: DI.6 | E75: 0 | F75: 1 | G75: MN45RP10.ZsCampo
C76: DI.7 | E76: 0 | F76: 1 | G76: MX45RP10.ZsCampo
C77: SLOT 08 1734-IB8/C : 08 DI
C78: IO | D78: Local | E78: Min | F78: Max | G78: TAG 's | H78: DESCRIÇÃO
C79: DI.0 | E79: 0 | F79: 1 | G79: FE47EL2
C80: DI.1 | E80: 0 | F80: 1 | G80: RUN45FT26.ZsCampo
C81: DI.2 | E81: 0 | F81: 1 | G81: ALA45FT26.ZsCampo
C82: DI.3 | E82: 0 | F82: 1 | G82: MX45DP6.ZsCampo
C83: DI.4 | E83: 0 | F83: 1 | G83: MX45DP5.ZsCampo
C84: DI.5 | E84: 0 | F84: 1 | G84: MX45DP4.ZsCampo
C85: DI.6 | E85: 0 | F85: 1 | G85: MX45DP3.ZsCampo
C86: DI.7 | E86: 0 | F86: 1 | G86: MX45DP2.ZsCampo
C87: SLOT 09 1734-IB8/C : 08 DI
C88: IO | D88: Local | E88: Min | F88: Max | G88: TAG 's | H88: DESCRIÇÃO
C89: DI.0 | E89: 0 | F89: 1 | G89: MX45DP1.ZsCampo
C90: DI.1 | E90: 0 | F90: 1 | G90: EM47EL2
C91: DI.2 | E91: 0 | F91: 1 | G91: FE45GD8A.ZsCampo
C92: DI.3 | E92: 0 | F92: 1 | G92: FE45GD8B.ZsCampo
C93: DI.4 | E93: 0 | F93: 1 | G93: FE45GD8C.ZsCampo
C94: DI.5 | E94: 0 | F94: 1 | G94: FE45GD9A.ZsCampo
C95: DI.6 | E95: 0 | F95: 1 | G95: FE45GD9B.ZsCampo
C96: DI.7 | E96: 0 | F96: 1 | G96: FE45GD9C.ZsCampo
C97: SLOT 10 1734-IB8/C : 08 DI
C98: IO | D98: Local | E98: Min | F98: Max | G98: TAG 's | H98: DESCRIÇÃO
C99: DI.0 | E99: 0 | F99: 1 | G99: FE45GD10A.ZsCampo
C100: DI.1 | E100: 0 | F100: 1 | G100: FE45GD10B.ZsCampo
C101: DI.2 | E101: 0 | F101: 1 | G101: FE45GD10C.ZsCampo
...

Sheet Rem5
C1: Milhão Ingredients Unidade - Rio Verde
C2: CPU CONTROLOGIX 1756-L73 192.100.3.1
C3: LISTA DE IO
G4: RESPONSAVEL TÉCNICO: Tallison Barros;
C6: 1734-AENTR/c Rem5 192.100.3.164
C7: SLOT 01 1734-IB8/C : 08 DI
C8: IO | D8: Local | E8: Min | F8: Max | G8: TAG 's | H8: DESCRIÇÃO
C9: DI.0 | E9: 0 | F9: 1 | G9: V62VP9.fb_direita
C10: DI.1 | E10: 0 | F10: 1 | G10: V62VP9.fb_esquerda
C11: DI.2 | E11: 0 | F11: 1 | G11: RUN62FT21.ZsCampo
C12: DI.3 | E12: 0 | F12: 1 | G12: ALA62FT21.ZsCampo
C13: DI.4 | E13: 0 | F13: 1 | G13: SK60TR1
C14: DI.5 | E14: 0 | F14: 1 | G14: SK60TR2
C15: DI.6 | E15: 0 | F15: 1 | G15: SK60TR3
C16: DI.7 | E16: 0 | F16: 1 | G16: SK60TR4
C17: SLOT 02 1734-IB8/C : 08 DI
C18: IO | D18: Local | E18: Min | F18: Max | G18: TAG 's | H18: DESCRIÇÃO
C19: DI.0 | E19: 0 | F19: 1 | G19: M66EL3_HZ
C20: DI.1 | E20: 0 | F20: 1 | G20: FE62RE13
C21: DI.2 | E21: 0 | F21: 1 | G21: FE62RE14
C22: DI.3 | E22: 0 | F22: 1 | G22: MX62RP7.ZsCampo
C23: DI.4 | E23: 0 | F23: 1 | G23: MX62RP8.ZsCampo
C24: DI.5 | E24: 0 | F24: 1 | G24: MX62VR14.ZsCampo
C25: DI.6 | E25: 0 | F25: 1 | G25: MX61VR15.ZsCampo
C26: DI.7 | E26: 0 | F26: 1 | G26: MN61RP7.ZsCampo
C27: SLOT 03 1734-IB8/C : 08 DI
C28: IO | D28: Local | E28: Min | F28: Max | G28: TAG 's | H28: DESCRIÇÃO
C29: DI.0 | E29: 0 | F29: 1 | G29: MN61RP8.ZsCampo
C30: DI.1 | E30: 0 | F30: 1 | G30: MN61RP12.ZsCampo
C31: DI.2 | E31: 0 | F31: 1 | G31: MX61RP12.ZsCampo
C32: DI.3 | E32: 0 | F32: 1 | G32: MN62RP9.ZsCampo
C33: DI.4 | E33: 0 | F33: 1 | G33: MX62RP9.ZsCampo
C34: DI.5 | E34: 0 | F34: 1 | G34: MN62RP10.ZsCampo
C35: DI.6 | E35: 0 | F35: 1 | G35: MX62RP10.ZsCampo
C36: DI.7 | E36: 0 | F36: 1 | G36: M60TR1.auto_on
C37: SLOT 04 1734-IB8/C : 08 DI
C38: IO | D38: Local | E38: Min | F38: Max | G38: TAG 's | H38: DESCRIÇÃO
C39: DI.0 | E39: 0 | F39: 1 | G39: SX60TR1B.ZsCampo
C40: DI.1 | E40: 0 | F40: 1 | G40: M60TR2.auto_on
C41: DI.2 | E41: 0 | F41: 1 | G41: SX60TR2B.ZsCampo
C42: DI.3 | E42: 0 | F42: 1 | G42: M60TR3.auto_on
C43: DI.4 | E43: 0 | F43: 1 | G43: SX60TR3B.ZsCampo
C44: DI.5 | E44: 0 | F44: 1 | G44: M60TR4.auto_on
C45: DI.6 | E45: 0 | F45: 1 | G45: SX60TR4B.ZsCampo
C46: DI.7 | E46: 0 | F46: 1 | G46: CH62ED1
C47: SLOT 05 1734-IB8/C : 08 DI
C48: IO | D48: Local | E48: Min | F48: Max | G48: TAG 's | H48: DESCRIÇÃO
C49: DI.0 | E49: 0 | F49: 1 | G49: SK62ED1
C50: DI.1 | E50: 0 | F50: 1 | G50: SK62RE13
C51: DI.2 | E51: 0 | F51: 1 | G51: SK62RE14
C52: DI.3 | E52: 0 | F52: 1 | G52: SDEI66EL3
C53: DI.4 | E53: 0 | F53: 1 | G53: SDDI66EL3
C54: DI.5 | E54: 0 | F54: 1 | G54: MN61RP7A.ZsCampo
C55: DI.6 | E55: 0 | F55: 1 | G55: MN61RP8A.ZsCampo
C56: DI.7 | E56: 0 | F56: 1 | G56: MN61RP12A.ZsCampo
C57: SLOT 06 1734-IB8/C : 08 DI
C58: IO | D58: Local | E58: Min | F58: Max | G58: TAG 's | H58: DESCRIÇÃO
C59: DI.0 | E59: 0 | F59: 1 | G59: BigBags[1].0
C60: DI.1 | E60: 0 | F60: 1 | G60: BigBags[1].1
C61: DI.2 | E61: 0 | F61: 1 | G61: BigBags[2].0
C62: DI.3 | E62: 0 | F62: 1 | G62: BigBags[2].1
C63: DI.4 | E63: 0 | F63: 1 | G63: BigBags[3].0
C64: DI.5 | E64: 0 | F64: 1 | G64: BigBags[3].1
C65: DI.6 | E65: 0 | F65: 1 | G65: BigBags[4].0
C66: DI.7 | E66: 0 | F66: 1 | G66: BigBags[4].1
C67: SLOT 07 1734-IB8/C : 08 DI
C68: IO | D68: Local | E68: Min | F68: Max | G68: TAG 's | H68: DESCRIÇÃO
C69: DI.0 | E69: 0 | F69: 1
C70: DI.1 | E70: 0 | F70: 1
C71: DI.2 | E71: 0 | F71: 1
C72: DI.3 | E72: 0 | F72: 1
C73: DI.4 | E73: 0 | F73: 1
C74: DI.5 | E74: 0 | F74: 1
C75: DI.6 | E75: 0 | F75: 1
C76: DI.7 | E76: 0 | F76: 1
C77: SLOT 08 1734-OB8/C : 08 DO
C78: IO | D78: Local | E78: Min | F78: Max | G78: TAG 's | H78: DESCRIÇÃO
C79: DO.0 | E79: 0 | F79: 1 | G79: V62VP9.saida
C80: DO.1 | E80: 0 | F80: 1 | G80: K62FT21.Campo | H80: M62VT21.saida
C81: DO.2 | E81: 0 | F81: 1
C82: DO.3 | E82: 0 | F82: 1
C83: DO.4 | E83: 0 | F83: 1
C84: DO.5 | E84: 0 | F84: 1
C85: DO.6 | E85: 0 | F85: 1
C86: DO.7 | E86: 0 | F86: 1
C87: SLOT 09 1734-IR2/C : 02 AI RTD
C88: IO | D88: Local | E88: Min | F88: Max | G88: TAG 's | H88: DESCRIÇÃO
C89: AI.0 | E89: 0~0 | F89: 30840~100
C90: AI.1 | E90: 0~0 | F90: 30840~100 | G90: M66EL3_SMIE.Campo
C91: SLOT 10 1734-IR2/C : 02 AI RTD
C92: IO | D92: Local | E92: Min | F92: Max | G92: TAG 's | H92: DESCRIÇÃO
C93: AI.0 | E93: 0~0 | F93: 30840~100 | G93: M66EL3_SMID.Campo
C94: AI.1 | E94: 0~0 | F94: 30840~100 | G94: M62ED1_SMID.Campo
C95: SLOT 11 1734-IR2/C : 02 AI RTD
C96: IO | D96: Local | E96: Min | F96: Max | G96: TAG 's | H96: DESCRIÇÃO
C97: AI.0 | E97: 0~0 | F97: 30840~100 | G97: M62ED1_SMIE.Campo
C98: AI.1 | E98: 0~0 | F98: 30840~100 | G98: M62ED1_SDID.Campo
C99: SLOT 12 1734-IR2/C : 02 AI RTD
C100: IO | D100: Local | E100: Min | F100: Max | G100: TAG 's | H100: DESCRIÇÃO
C101: AI.0 | E101: 0~0 | F101: 30840~100 | G101: M62ED1_SDIE.Campo
...

Sheet Rem6
C1: Milhão Ingredients Unidade - Rio Verde
C2: CPU CONTROLOGIX 1756-L73 192.100.3.1
C3: LISTA DE IO
G4: RESPONSAVEL TÉCNICO: Tallison Barros;
C6: 1734-AENTR/c Rem6 192.100.3.165
C7: SLOT 01 1734-IB8/C : 08 DI
C8: IO | D8: Local | E8: Min | F8: Max | G8: TAG 's | H8: DESCRIÇÃO
C9: DI.0 | E9: 0 | F9: 1 | G9: MN42MD1.ZsCampo
C10: DI.1 | E10: 0 | F10: 1 | G10: V63VP1.fb_esquerda
C11: DI.2 | E11: 0 | F11: 1 | G11: V63VP2.fb_direita
C12: DI.3 | E12: 0 | F12: 1 | G12: V63VP2.fb_esquerda
C13: DI.4 | E13: 0 | F13: 1 | G13: V63VP3.fb_direita
C14: DI.5 | E14: 0 | F14: 1 | G14: V63VP3.fb_esquerda
C15: DI.6 | E15: 0 | F15: 1 | G15: V63VP4.fb_direita
C16: DI.7 | E16: 0 | F16: 1 | G16: V63VP4.fb_esquerda
C17: SLOT 02 1734-IB8/C : 08 DI
C18: IO | D18: Local | E18: Min | F18: Max | G18: TAG 's | H18: DESCRIÇÃO
C19: DI.0 | E19: 0 | F19: 1 | G19: V63VP5.fb_direita
C20: DI.1 | E20: 0 | F20: 1 | G20: V63VP5.fb_esquerda
C21: DI.2 | E21: 0 | F21: 1 | G21: V63VP6.fb_direita
C22: DI.3 | E22: 0 | F22: 1 | G22: V63VP6.fb_esquerda
C23: DI.4 | E23: 0 | F23: 1 | G23: V63VP7.fb_direita
C24: DI.5 | E24: 0 | F24: 1 | G24: V63VP7.fb_esquerda
C25: DI.6 | E25: 0 | F25: 1 | G25: V63VP8.fb_direita
C26: DI.7 | E26: 0 | F26: 1 | G26: V63VP8.fb_esquerda
C27: SLOT 03 1734-IB8/C : 08 DI
C28: IO | D28: Local | E28: Min | F28: Max | G28: TAG 's | H28: DESCRIÇÃO
C29: DI.0 | E29: 0 | F29: 1 | G29: V63VP17.fb_direita
C30: DI.1 | E30: 0 | F30: 1 | G30: V63VP17.fb_esquerda
C31: DI.2 | E31: 0 | F31: 1 | G31: V63VP18.fb_direita
C32: DI.3 | E32: 0 | F32: 1 | G32: V63VP18.fb_esquerda
C33: DI.4 | E33: 0 | F33: 1 | G33: RUN63FT20.ZsCampo
C34: DI.5 | E34: 0 | F34: 1 | G34: ALA63FT20.ZsCampo
C35: DI.6 | E35: 0 | F35: 1 | G35: V65VP10.fb_direita
C36: DI.7 | E36: 0 | F36: 1 | G36: V65VP10.fb_esquerda
C37: SLOT 04 1734-IB8/C : 08 DI
C38: IO | D38: Local | E38: Min | F38: Max | G38: TAG 's | H38: DESCRIÇÃO
C39: DI.0 | E39: 0 | F39: 1 | G39: V65VP11.fb_direita
C40: DI.1 | E40: 0 | F40: 1 | G40: V65VP11.fb_esquerda
C41: DI.2 | E41: 0 | F41: 1 | G41: V65VP12.fb_direita
C42: DI.3 | E42: 0 | F42: 1 | G42: V65VP12.fb_esquerda
C43: DI.4 | E43: 0 | F43: 1 | G43: V65VP13.fb_direita
C44: DI.5 | E44: 0 | F44: 1 | G44: V65VP13.fb_esquerda
C45: DI.6 | E45: 0 | F45: 1 | G45: V65VP14.fb_direita
C46: DI.7 | E46: 0 | F46: 1 | G46: V65VP14.fb_esquerda
C47: SLOT 05 1734-IB8/C : 08 DI
C48: IO | D48: Local | E48: Min | F48: Max | G48: TAG 's | H48: DESCRIÇÃO
C49: DI.0 | E49: 0 | F49: 1 | G49: V65VP15.fb_direita
C50: DI.1 | E50: 0 | F50: 1 | G50: V65VP15.fb_esquerda
C51: DI.2 | E51: 0 | F51: 1 | G51: V65VP16.fb_direita
C52: DI.3 | E52: 0 | F52: 1 | G52: V65VP16.fb_esquerda
C53: DI.4 | E53: 0 | F53: 1 | G53: V65GP3.fb_direita
C54: DI.5 | E54: 0 | F54: 1 | G54: V65GP3.fb_esquerda
C55: DI.6 | E55: 0 | F55: 1 | G55: V65GP4.fb_direita
C56: DI.7 | E56: 0 | F56: 1 | G56: V65GP4.fb_esquerda
C57: SLOT 06 1734-IB8/C : 08 DI
C58: IO | D58: Local | E58: Min | F58: Max | G58: TAG 's | H58: DESCRIÇÃO
C59: DI.0 | E59: 0 | F59: 1 | G59: V65GP5.fb_direita
C60: DI.1 | E60: 0 | F60: 1 | G60: V65GP5.fb_esquerda
C61: DI.2 | E61: 0 | F61: 1 | G61: V65GP6.fb_direita
C62: DI.3 | E62: 0 | F62: 1 | G62: V65GP6.fb_esquerda
C63: DI.4 | E63: 0 | F63: 1 | G63: V65GP7.fb_direita
C64: DI.5 | E64: 0 | F64: 1 | G64: V65GP7.fb_esquerda
C65: DI.6 | E65: 0 | F65: 1 | G65: V47VP20.fb_direita
C66: DI.7 | E66: 0 | F66: 1 | G66: V47VP20.fb_esquerda
C67: SLOT 07 1734-IB8/C : 08 DI
C68: IO | D68: Local | E68: Min | F68: Max | G68: TAG 's | H68: DESCRIÇÃO
C69: DI.0 | E69: 0 | F69: 1 | G69: V47VP21.fb_direita
C70: DI.1 | E70: 0 | F70: 1 | G70: V47VP21.fb_esquerda
C71: DI.2 | E71: 0 | F71: 1 | G71: V47VP22.fb_direita
C72: DI.3 | E72: 0 | F72: 1 | G72: V47VP22.fb_esquerda
C73: DI.4 | E73: 0 | F73: 1 | G73: SK42MD7
C74: DI.5 | E74: 0 | F74: 1 | G74: MN42MD7.ZsCampo
C75: DI.6 | E75: 0 | F75: 1 | G75: SK42MD8
C76: DI.7 | E76: 0 | F76: 1 | G76: MN42MD8.ZsCampo
C77: SLOT 08 1734-IB8/C : 08 DI
C78: IO | D78: Local | E78: Min | F78: Max | G78: TAG 's | H78: DESCRIÇÃO
C79: DI.0 | E79: 0 | F79: 1 | G79: FE63FT20.ZsCampo
C80: DI.1 | E80: 0 | F80: 1 | G80: M42MD1.GiroTimeOut
C81: DI.2 | E81: 0 | F81: 1 | G81: M42RE1.GiroTimeOut
C82: DI.3 | E82: 0 | F82: 1 | G82: MX64VR16.ZsCampo
C83: DI.4 | E83: 0 | F83: 1 | G83: FE64RC2
C84: DI.5 | E84: 0 | F84: 1 | G84: FE64RC1
C85: DI.6 | E85: 0 | F85: 1 | G85: FE65RE9
C86: DI.7 | E86: 0 | F86: 1 | G86: FE65RE8
C87: SLOT 09 1734-IB8/C : 08 DI
C88: IO | D88: Local | E88: Min | F88: Max | G88: TAG 's | H88: DESCRIÇÃO
C89: DI.0 | E89: 0 | F89: 1 | G89: FE65RE7
C90: DI.1 | E90: 0 | F90: 1 | G90: FE65RE6
C91: DI.2 | E91: 0 | F91: 1 | G91: FE65RE12
C92: DI.3 | E92: 0 | F92: 1 | G92: FE65RE11
C93: DI.4 | E93: 0 | F93: 1 | G93: FE65RE10
C94: DI.5 | E94: 0 | F94: 1 | G94: SDES66EL3
C95: DI.6 | E95: 0 | F95: 1 | G95: CH63TC1
C96: DI.7 | E96: 0 | F96: 1 | G96: SDDS66EL3
C97: SLOT 10 1734-IB8/C : 08 DI
C98: IO | D98: Local | E98: Min | F98: Max | G98: TAG 's | H98: DESCRIÇÃO
C99: DI.0 | E99: 0 | F99: 1
C100: DI.1 | E100: 0 | F100: 1 | G100: SK64RC2
C101: DI.2 | E101: 0 | F101: 1 | G101: SK64RC1
...

Sheet Rem7
C1: Milhão Ingredients Unidade - Rio Verde
C2: CPU CONTROLOGIX 1756-L73 192.100.3.1
C3: LISTA DE IO
G4: RESPONSAVEL TÉCNICO: Tallison Barros;
C6: 1734-AENTR/c Rem7 192.100.3.166
C7: SLOT 01 1734-IB8/C : 08 DI
C8: IO | D8: Local | E8: Min | F8: Max | G8: TAG 's | H8: DESCRIÇÃO
C9: DI.0 | E9: 0 | F9: 1 | G9: MX620I.ZsCampo
C10: DI.1 | E10: 0 | F10: 1 | G10: MX621I.ZsCampo
C11: DI.2 | E11: 0 | F11: 1 | G11: MX622I.ZsCampo
C12: DI.3 | E12: 0 | F12: 1 | G12: MX623I.ZsCampo
C13: DI.4 | E13: 0 | F13: 1 | G13: MX624I.ZsCampo
C14: DI.5 | E14: 0 | F14: 1 | G14: MX613I.ZsCampo
C15: DI.6 | E15: 0 | F15: 1 | G15: MX614I.ZsCampo
C16: DI.7 | E16: 0 | F16: 1 | G16: MX615I.ZsCampo
C17: SLOT 02 1734-IB8/C : 08 DI
C18: IO | D18: Local | E18: Min | F18: Max | G18: TAG 's | H18: DESCRIÇÃO
C19: DI.0 | E19: 0 | F19: 1 | G19: MX616I.ZsCampo
C20: DI.1 | E20: 0 | F20: 1 | G20: MX617I.ZsCampo
C21: DI.2 | E21: 0 | F21: 1 | G21: MX618I.ZsCampo
C22: DI.3 | E22: 0 | F22: 1 | G22: MX619I.ZsCampo
C23: DI.4 | E23: 0 | F23: 1 | G23: MN620I.ZsCampo
C24: DI.5 | E24: 0 | F24: 1 | G24: MN621I.ZsCampo
C25: DI.6 | E25: 0 | F25: 1 | G25: MN622I.ZsCampo
C26: DI.7 | E26: 0 | F26: 1 | G26: MN623I.ZsCampo
C27: SLOT 03 1734-IB8/C : 08 DI
C28: IO | D28: Local | E28: Min | F28: Max | G28: TAG 's | H28: DESCRIÇÃO
C29: DI.0 | E29: 0 | F29: 1 | G29: MN624I.ZsCampo
C30: DI.1 | E30: 0 | F30: 1 | G30: MN613I.ZsCampo
C31: DI.2 | E31: 0 | F31: 1 | G31: MN614I.ZsCampo
C32: DI.3 | E32: 0 | F32: 1 | G32: MN615I.ZsCampo
C33: DI.4 | E33: 0 | F33: 1 | G33: MN616I.ZsCampo
C34: DI.5 | E34: 0 | F34: 1 | G34: MN617I.ZsCampo
C35: DI.6 | E35: 0 | F35: 1 | G35: MN618I.ZsCampo
C36: DI.7 | E36: 0 | F36: 1 | G36: MN619I.ZsCampo
C37: SLOT 04 1734-IB8/C : 08 DI
C38: IO | D38: Local | E38: Min | F38: Max | G38: TAG 's | H38: DESCRIÇÃO
C39: DI.0 | E39: 0 | F39: 1 | G39: V68VP19.fb_direita
C40: DI.1 | E40: 0 | F40: 1 | G40: V68VP19.fb_esquerda
C41: DI.2 | E41: 0 | F41: 1 | G41: V68VP20.fb_direita
C42: DI.3 | E42: 0 | F42: 1 | G42: V68VP20.fb_esquerda
C43: DI.4 | E43: 0 | F43: 1 | G43: V68VP21.fb_direita
C44: DI.5 | E44: 0 | F44: 1 | G44: V68VP21.fb_esquerda
C45: DI.6 | E45: 0 | F45: 1 | G45: V67VEC3.fb_direita
C46: DI.7 | E46: 0 | F46: 1 | G46: V67VEC3.fb_esquerda
C47: SLOT 05 1734-IB8/C : 08 DI
C48: IO | D48: Local | E48: Min | F48: Max | G48: TAG 's | H48: DESCRIÇÃO
C49: DI.0 | E49: 0 | F49: 1 | G49: V67VEC2.fb_direita
C50: DI.1 | E50: 0 | F50: 1 | G50: V67VEC2.fb_esquerda
C51: DI.2 | E51: 0 | F51: 1 | G51: V67VEC1.fb_direita
C52: DI.3 | E52: 0 | F52: 1 | G52: V67VEC1.fb_esquerda
C53: DI.4 | E53: 0 | F53: 1 | G53: V48VP27.fb_direita
C54: DI.5 | E54: 0 | F54: 1 | G54: V48VP27.fb_esquerda
C55: DI.6 | E55: 0 | F55: 1 | G55: V48VP28.fb_direita
C56: DI.7 | E56: 0 | F56: 1 | G56: V48VP28.fb_esquerda
C57: SLOT 06 1734-IB8/C : 08 DI
C58: IO | D58: Local | E58: Min | F58: Max | G58: TAG 's | H58: DESCRIÇÃO
C59: DI.0 | E59: 0 | F59: 1 | G59: V48VP29.fb_direita
C60: DI.1 | E60: 0 | F60: 1 | G60: V48VP29.fb_esquerda
C61: DI.2 | E61: 0 | F61: 1 | G61: RUN67FT7.ZsCampo
C62: DI.3 | E62: 0 | F62: 1 | G62: ALA67FT7.ZsCampo
C63: DI.4 | E63: 0 | F63: 1 | G63: RUN67FT5.ZsCampo
C64: DI.5 | E64: 0 | F64: 1 | G64: ALA67FT5.ZsCampo
C65: DI.6 | E65: 0 | F65: 1 | G65: RUN67FT18.ZsCampo
C66: DI.7 | E66: 0 | F66: 1 | G66: ALA67FT18.ZsCampo
C67: SLOT 07 1734-IB8/C : 08 DI
C68: IO | D68: Local | E68: Min | F68: Max | G68: TAG 's | H68: DESCRIÇÃO
C69: DI.0 | E69: 0 | F69: 1 | G69: RUN67FT17.ZsCampo
C70: DI.1 | E70: 0 | F70: 1 | G70: ALA67FT17.ZsCampo
C71: DI.2 | E71: 0 | F71: 1 | G71: RUN67FT16.ZsCampo
C72: DI.3 | E72: 0 | F72: 1 | G72: ALA67FT16.ZsCampo
C73: DI.4 | E73: 0 | F73: 1 | G73: RUN67FT15.ZsCampo
C74: DI.5 | E74: 0 | F74: 1 | G74: ALA67FT15.ZsCampo
C75: DI.6 | E75: 0 | F75: 1 | G75: RUN67FT14.ZsCampo
C76: DI.7 | E76: 0 | F76: 1 | G76: ALA67FT14.ZsCampo
C77: SLOT 08 1734-IB8/C : 08 DI
C78: IO | D78: Local | E78: Min | F78: Max | G78: TAG 's | H78: DESCRIÇÃO
C79: DI.0 | E79: 0 | F79: 1 | G79: RUN67FT13.ZsCampo
C80: DI.1 | E80: 0 | F80: 1 | G80: ALA67FT13.ZsCampo
C81: DI.2 | E81: 0 | F81: 1 | G81: RUN67FT10.ZsCampo
C82: DI.3 | E82: 0 | F82: 1 | G82: ALA67FT10.ZsCampo
C83: DI.4 | E83: 0 | F83: 1 | G83: FE67GD2A.ZsCampo
C84: DI.5 | E84: 0 | F84: 1 | G84: FE67GD2B.ZsCampo
C85: DI.6 | E85: 0 | F85: 1 | G85: FE67GD2C.ZsCampo
C86: DI.7 | E86: 0 | F86: 1 | G86: MX67VR7.ZsCampo
C87: SLOT 09 1734-IB8/C : 08 DI
C88: IO | D88: Local | E88: Min | F88: Max | G88: TAG 's | H88: DESCRIÇÃO
C89: DI.0 | E89: 0 | F89: 1 | G89: MX67VR8.ZsCampo
C90: DI.1 | E90: 0 | F90: 1 | G90: MX67VR9.ZsCampo
C91: DI.2 | E91: 0 | F91: 1 | G91: MX67VR10.ZsCampo
C92: DI.3 | E92: 0 | F92: 1 | G92: MX67VR11.ZsCampo
C93: DI.4 | E93: 0 | F93: 1 | G93: MX67VR12.ZsCampo
C94: DI.5 | E94: 0 | F94: 1 | G94: MX67VR13.ZsCampo
C95: DI.6 | E95: 0 | F95: 1 | G95: V48VP25.fb_direita
C96: DI.7 | E96: 0 | F96: 1 | G96: V48VP25.fb_esquerda
C97: SLOT 10 1734-IB8/C : 08 DI
C98: IO | D98: Local | E98: Min | F98: Max | G98: TAG 's | H98: DESCRIÇÃO
C99: DI.0 | E99: 0 | F99: 1 | G99: FE67FT19.ZsCampo
C100: DI.1 | E100: 0 | F100: 1 | G100: RUN67FT4.ZsCampo
C101: DI.2 | E101: 0 | F101: 1 | G101: ALA67FT4.ZsCampo
...
